,kls=results&ty=por&q=0.48&ds=1.0&daa=100&scale=1,kls=results&ty=por&q=0.48&ds=1.25&daa=100&scale=1.25,kls=results&ty=por&q=0.48&ds=1.5&daa=100&scale=1.5,kls=results&ty=por&q=0.48&ds=1.75&daa=100&scale=1.75,kls=results&ty=por&q=0.48&ds=1.9&daa=100&scale=1.9,kls=results&ty=por&q=0.48&ds=2.0&daa=100&scale=2.0,kls=results&ty=por&q=0.48&ds=2.25&daa=100&scale=2.25,kls=results&ty=por&q=0.48&ds=2.5&daa=100&scale=2.5,kls=results&ty=por&q=0.48&ds=2.75&daa=100&scale=2.75,kls=results&ty=por&q=0.48&ds=2.9&daa=100&scale=2.9,kls=results&ty=por&q=0.48&ds=3.0&daa=100&scale=3.0,kls=results&ty=trad&q=0.48&ds=1.0&daa=100&scale=1,kls=results&ty=trad&q=0.48&ds=3.0&daa=100&scale=3.0,kls=analytical&ty=trad&q=0.48&ds=1.0&daa=0&scale=1
1.0,0.949,,,,,,,,,,,0.9431818181818182,,0.96
1.25,,0.9517777777777777,,,,,,,,,,,,
1.5,,,0.9615,,,,,,,,,,,
1.75,,,,0.953,,,,,,,,,,
1.9,,,,,0.947,,,,,,,,,
2.0,0.8915,,,,,0.924,,,,,,0.9340909090909091,,0.940032
2.25,,,,,,,0.9185,,,,,,,
2.5,,0.8842777777777778,,,,,,0.9118333333333334,,,,,,
2.75,,,,,,,,,0.9005,,,,,
2.9,,,,,,,,,,0.9065,,,,
3.0,0.833,,0.8775,,,,,,,,0.886,0.8754545454545455,0.885,0.9250799616
3.5,,,,0.869,,,,,,,,,,
3.75,,0.8462222222222222,,,,,,,,,,,,
3.8,,,,,0.867,,,,,,,,,
4.0,0.824,,,,,0.861,,,,,,0.8754545454545455,,0.9126398656511999
4.5,,,0.829,,,,0.8535,,,,,,,
5.0,0.779,0.8044444444444444,,,,,,0.8509444444444444,,,,0.8418181818181818,,0.9017721978303282
5.25,,,,0.805,,,,,,,,,,
5.5,,,,,,,,,0.8375,,,,,
5.699999999999999,,,,,0.839,,,,,,,,,
5.8,,,,,,,,,,0.831,,,,
6.0,0.761,,0.789,,,0.837,,,,,0.835,0.8163636363636364,0.8172727272727273,0.8920069462332058
6.25,,0.7746666666666666,,,,,,,,,,,,
6.75,,,,,,,0.824,,,,,,,
7.0,0.722,,,0.808,,,,,,,,0.8081818181818182,,0.8830697879715192
7.5,,0.7525555555555555,0.759,,,,,0.8088888888888889,,,,,,
7.6,,,,,0.796,,,,,,,,,
8.0,,,,,,0.79,,,,,,,,0.8747842762207992
8.25,,,,,,,,,0.821,,,,,
8.7,,,,,,,,,,0.833,,,,
8.75,,0.7343333333333333,,0.761,,,,,,,,,,
9.0,0.72,,0.761,,,,0.774,,,,0.786,0.7972727272727272,0.7809090909090909,0.8670290372221252
9.5,,,,,0.763,,,,,,,,,
10.0,,,,,,0.803,,0.7748888888888888,,,,,,0.8597163638623089
10.5,,,0.691,0.736,,,,,,,,,,
11.0,0.65,,,,,,,,0.786,,,0.7745454545454545,,0.8527804394339903
11.25,,0.691,,,,,0.762,,,,,,,
11.399999999999999,,,,,0.746,,,,,,,,,
11.6,,,,,,,,,,0.757,,,,
12.0,,,,,,0.731,,,,,0.766,,0.7909090909090909,0.8461703773460858
12.25,,,,0.745,,,,,,,,,,
12.5,,,,,,,,0.7512222222222222,,,,,,
13.0,0.619,,,,,,,,,,,0.77,,0.8398458699403788
13.299999999999999,,,,,0.7,,,,,,,,,
13.5,,,0.708,,,,0.707,,,,,,,
13.75,,0.6472222222222223,,,,,,,0.752,,,,,
14.0,,,,,,0.711,,,,,,,,0.8337743428309
14.5,,,,,,,,,,0.765,,,,
15.0,0.602,,,,,,,0.7261111111111112,,,0.741,0.7481818181818182,0.7445454545454545,0.8279290234743001
15.75,,,,0.665,,,0.733,,,,,,,
16.0,,,,,,,,,,,,,,0.8222875888568584
16.25,,0.6213333333333333,,,,,,,,,,,,
16.5,,,0.629,,,,,,0.734,,,,,
17.0,0.589,,,,,,,,,,,0.7363636363636363,,0.8168311932948689
17.099999999999998,,,,,0.681,,,,,,,,,
17.4,,,,,,,,,,0.714,,,,
17.5,,,,,,,,0.7067777777777777,,,,,,
18.0,,,,,,0.659,,,,,0.713,,0.7327272727272728,0.8115437534166341
18.75,,0.6063333333333333,,,,,,,,,,,,
19.0,0.555,,,,,,,,,,,0.7363636363636363,,0.8064114117748274
19.25,,,,0.64,,,,,0.688,,,,,
19.5,,,0.604,,,,,,,,,,,
20.0,,,,,,,,,,,,,,0.8014221274032052
20.25,,,,,,,0.672,,,,,,,
20.3,,,,,,,,,,0.702,,,,
20.9,,,,,0.596,,,,,,,,,
21.0,0.525,,,,,,,,,,0.7,0.7190909090909091,0.7272727272727273,0.796565358424493
21.25,,0.5733333333333334,,,,,,,,,,,,
22.0,,,,,,0.626,,,,,,,,0.7918318126130124
22.5,,,0.605,,,,,0.6667777777777778,,,,,,
22.75,,,,0.635,,,,,,,,,,
23.0,,,,,,,,,,,,,,0.787213248932516
23.75,,0.5386666666666666,,,,,,,,,,,,
24.0,,,,,,,,,,,,,,0.7827023178664868
24.7,,,,,0.587,,,,,,,,,
24.75,,,,,,,0.622,,0.647,,,,,
25.0,,,,,,,,,,,,,,0.7782924316563367
25.5,,,0.573,,,,,,,,,,,
26.0,,,,,,0.619,,,,,,,,0.773977657871967
26.099999999999998,,,,,,,,,,0.653,,,,
26.25,,0.5254444444444445,,0.587,,,,,,,,,,
27.0,,,,,,,,,,,0.64,,0.7145454545454546,0.7697526313823124
27.5,,,,,,,,0.6258888888888889,,,,,,
28.0,,,,,,,,,,,,,,0.7656124809803609
28.5,,,0.524,,0.586,,,,,,,,,
29.0,,,,,,,,,,,,,,0.7615527677862188
29.25,,,,,,,0.619,,,,,,,
29.75,,,,0.571,,,,,,,,,,
30.0,0.466,,,,,0.59,,,,,,0.6790909090909091,,0.7575694331961706
30.25,,,,,,,,,0.627,,,,,
31.0,,,,,,,,,,,,,,0.753658754629045
31.5,,,0.522,,,,,,,,,,,
31.9,,,,,,,,,,0.617,,,,
32.0,,,,,,,,,,,,,,0.7498173076876496
32.3,,,,,0.57,,,,,,,,,
32.5,,,,,,,,0.6012222222222222,,,,,,
33.0,,,,,,,,,,,0.614,,0.6790909090909091,0.7460419336336462
33.25,,,,0.559,,,,,,,,,,
33.75,,,,,,,0.583,,,,,,,
34.0,,,,,,0.558,,,,,,,,0.7423297112910916
35.0,,,,,,,,,,,,,,0.7386779326629146
35.75,,,,,,,,,0.592,,,,,
36.0,,,,,,,,,,,,,,0.7350840816774337
36.1,,,,,0.567,,,,,,,,,
36.75,,,,0.559,,,,,,,,,,
37.0,,,,,,,,,,,,,,0.7315458155871949
37.5,,0.4458888888888889,,,,,,0.5601111111111111,,,,,,
37.699999999999996,,,,,,,,,,0.567,,,,
38.0,,,,,,0.548,,,,,,,,0.7280609486262747
38.25,,,,,,,0.526,,,,,,,
39.0,,,,,,,,,,,0.6,,0.6445454545454545,0.7246274375995154
39.9,,,,,0.49,,,,,,,,,
40.0,,,,,,,,,,,,,,0.7212433691315415
41.0,,,,,,,,,,,,,,0.7179069483475967
41.25,,,,,,,,,0.593,,,,,
42.0,0.389,,,,,0.505,,,,,,0.6090909090909091,,0.7146164887943536
42.5,,,,,,,,0.5412222222222223,,,,,,
42.75,,,,,,,0.517,,,,,,,
43.0,,,,,,,,,,,,,,0.7113704034385142
43.5,,,,,,,,,,0.564,,,,
44.0,,,,,,,,,,,,,,0.7081671966055149
45.0,,,0.444,,,,,,,,0.537,,0.61,0.7050054567409717
46.0,,,,,,,,,,,,,,0.7018838498944425
46.75,,,,,,,,,0.522,,,,,
47.0,,,,,,,,,,,,,,0.6988011138392545
47.25,,,,,,,0.505,,,,,,,
47.5,,,,,,,,0.519,,,,,,
48.0,,,,,,,,,,,,,,0.6957560527540685
49.0,,,,,,,,,,,,,,0.6927475324019048
49.3,,,,,,,,,,0.545,,,,
50.0,,,,,,,,,,,,,,0.6897744757508719
51.0,,,,,,,,,,,0.533,,0.5945454545454546,0.6868358589880845
52.0,,,,,,,,,,,,,,0.683930707884431
52.25,,,,,,,,,0.511,,,,,
52.5,,0.3606666666666667,,0.441,,,,0.5051111111111111,,,,,,
53.0,,,,,,,,,,,,,,0.6810580944731385
54.0,,,,,,,,,,,,,,0.6782171340096232
55.0,,,,,,,,,,,,,,0.6754069821840234
55.1,,,,,,,,,,0.506,,,,
56.0,,,,,,,,,,,,,,0.672626832561187
57.0,,,,,0.45,,,,,,0.516,,0.5736363636363636,0.6698759142258136
57.75,,,,,,,,,0.531,,,,,
58.0,,,,,,,,,,,,,,0.6671534896129877
59.0,,,,,,,,,,,,,,0.6644588525065547
60.0,0.277,,,,,0.415,,,,,,0.5509090909090909,,0.6617913261897215
60.9,,,,,,,,,,0.47,,,,
61.0,,,,,,,,,,,,,,0.6591502617339511
62.0,,,,,,,,,,,,,,0.6565350364137087
63.0,,,0.359,,,,,,,,0.513,,0.5645454545454546,0.653945052235912
64.0,,,,,,,,,,,,,,0.6513797345740943
65.0,,,,,,,,,,,,,,0.6488385308982977
66.0,,,,,,,,,,,,,,0.6463209095926125
67.0,,,,,,,,,,,,,,0.6438263588530739
67.5,,,,,,,0.419,,,,,,,
68.0,,,,,,,,,,,,,,0.6413543856593331
69.0,,,,,,,,,,,,,,0.6389045148141483
70.0,,,,,,,,,,,,,,0.6364762880452999
71.0,,,,,,,,,,,,,,0.6340692631650391
72.0,,,,,,,,,,,,,,0.6316830132826179
73.0,,,,,,,,,,,,,,0.6293171260658601
73.5,,,,0.387,,,,,,,,,,
74.0,,,,,,,,,,,,,,0.6269712030480821
75.0,,0.2841111111111111,,,,,,0.41944444444444445,,,,,,0.6246448589770037
76.0,,,,,,,,,,,,,,0.6223377212025762
77.0,,,,,,,,,,,,,,0.6200494291009168
78.0,,,,,,,,,,,,,,0.6177796335317777
79.0,,,,,,,,,,,,,,0.6155279963271917
79.8,,,,,0.342,,,,,,,,,
80.0,,,,,,,,,,,,,,0.6132941898091271
81.0,,,,,,,,,,,,,,0.6110778963341641
82.0,,,,,,,,,,,,,,0.6088788078633622
82.5,,,,,,,,,0.406,,,,,
83.0,,,,,,,,,,,,,,0.6066966255556336
84.0,,,,,,0.382,,,,,,,,0.6045310593830674
85.0,,,,,,,,,,,,,,0.6023818277667743
86.0,,,,,,,,,,,,,,0.6002486572319242
87.0,,,,,,,,,,0.425,,,,0.5981312820807556
88.0,,,,,,,,,,,,,,0.5960294440824203
89.0,,,,,,,,,,,,,,0.5939428921786183
90.0,,,0.279,,,,,,,,0.43,,0.4827272727272727,0.5918713822040464
91.0,,,,,,,,,,,,,,0.5898146766207596
92.0,,,,,,,,,,,,,,0.5877725442656057
93.0,,,,,,,,,,,,,,0.5857447601099559
94.0,,,,,,,,,,,,,,0.5837311050310034
94.5,,,,,,,0.356,,,,,,,
95.0,,,,,,,,,,,,,,0.5817313655939584
96.0,,,,,,,,,,,,,,0.579745333844507
97.0,,,,,,,,,,,,,,0.5777728071109518
98.0,,,,,,,,,,,,,,0.5758135878154838
99.0,,,,,,,,,,,,,,0.5738674832940751
100.0,,,,,,,,,,,,,,0.5719343056245177
105.0,,,,0.265,,,,0.33644444444444443,,,,,,0.5624560546048447
110.0,,,,,,,,,,,,,,0.5532752450267192
114.0,,,,,0.271,,,,,,,,,
115.0,,,,,,,,,,,,,,0.5443728551095336
115.5,,,,,,,,,0.367,,,,,
120.0,,,,,,0.258,,,,,,,,0.5357318582910916
121.8,,,,,,,,,,0.35,,,,
126.0,,,,,,,,,,,0.29,,0.4,
135.0,,,,,,,0.277,,,,,,,
150.0,,,,,,,,0.27644444444444444,,,,,,
165.0,,,,,,,,,0.267,,,,,
174.0,,,,,,,,,,0.247,,,,
180.0,,,,,,,,,,,0.255,,0.3090909090909091,
