,kls=results&ty=por&q=0.4&ds=5&daa=20&scale=1,kls=results&ty=por&q=0.4&ds=10&daa=20&scale=2,kls=results&ty=por&q=0.4&ds=20&daa=20&scale=4,kls=results&ty=trad&q=0.4&ds=5&daa=20&scale=1,kls=results&ty=por&q=0.44&ds=5&daa=20&scale=1,kls=results&ty=por&q=0.44&ds=10&daa=20&scale=2,kls=results&ty=por&q=0.44&ds=20&daa=20&scale=4,kls=results&ty=trad&q=0.44&ds=5&daa=20&scale=1,kls=results&ty=por&q=0.44&ds=5&daa=2000&scale=1,kls=analytical&ty=trad&q=0.4&ds=5&daa=0&scale=1,kls=analytical&ty=trad&q=0.44&ds=5&daa=0&scale=1
0.2,,,,,,,,,,0.8,0.88
0.4,,,,,,,,,,0.7040000000000001,0.820864
0.6,,,,,,,,,,0.6348800000000001,0.7771506688
0.8,,,,,,,,,,0.5795840000000001,0.7412474527744
1.0,0.5160555555555556,,,0.5183333333333333,0.6757222222222222,,,0.6832777777777778,0.689,0.5331353600000002,0.7102845192739226
1.2,,,,,,,,,,0.49300373504000006,0.682819158741659
1.4,,,,,,,,,,0.4576879050752001,0.6580051210127768
1.6,,,,,,,,,,0.4262063652208641,0.6352953136833036
1.8,,,,,,,,,,0.39787297935196175,0.6143114517108704
2.0,0.3441666666666667,0.32055555555555554,,0.3174444444444444,0.5345,0.5232777777777777,,0.5261111111111111,0.5603333333333333,0.3721840428308235,0.594778740370842
2.2,,,,,,,,,,0.34875573272354554,0.5764898720889466
2.4,,,,,,,,,,0.32728688127978534,0.5592837048093393
2.6,,,,,,,,,,0.3075355379515259,0.543031906274841
2.8,,,,,,,,,,0.2893035287254403,0.5276302018175318
3.0,0.2554444444444444,,,0.1981111111111111,0.4488888888888889,,,0.43033333333333335,0.4826666666666667,0.27242589732757816,0.5129924219013051
3.2,,,,,,,,,,0.25676345539036216,0.4990463258787199
3.4,,,,,,,,,,0.24219738438875127,0.4857305933963555
3.6,,,,,,,,,,0.22862523352607378,0.47299260704804946
3.8,,,,,,,,,,0.21595789272090815,0.4607867854627393
4.0,0.197,0.15461111111111112,0.12877777777777777,0.12677777777777777,0.39011111111111113,0.365,0.3591666666666667,0.3622222222222222,0.4106666666666667,0.20411726257881646,0.44907330817548086
4.2,,,,,,,,,,0.19303443276581878,0.43781712504151704
4.4,,,,,,,,,,0.18264823796963792,0.4269871760422259
4.6,,,,,,,,,,0.1729040988517665,0.4165557691661086
4.8,,,,,,,,,,0.16375308124541765,0.40649807877981403
5.0,0.1592222222222222,,,0.08911111111111111,0.34833333333333333,,,0.2946666666666667,0.356,0.15515112469544978,0.39679173704434734
5.2,,,,,,,,,,0.14705840397324,0.3874164980381609
5.4,,,,,,,,,,0.13943879615479016,0.37835395931144233
5.6,,,,,,,,,,0.13225943234362847,0.3695873292566303
5.8,,,,,,,,,,0.12549031789310472,0.3611012313635722
6.0,0.12688888888888888,0.09911111111111111,,0.05388888888888889,0.30077777777777776,0.28655555555555556,,0.25144444444444447,0.32066666666666666,0.11910400853564496,0.35288153841954306
6.2,,,,,,,,,,0.11307533250220303,0.3449152312100019
6.4,,,,,,,,,,0.1073811507519069,0.3371902774111446
6.6,,,,,,,,,,0.10200014899787702,0.3296955272354932
6.8,,,,,,,,,,0.09691265643043057,0.3224206230649943
7.0,0.10077777777777777,,,0.03855555555555556,0.2693333333333333,,,0.20844444444444443,0.2713333333333333,0.0921004869901636,0.3153559208314689
7.2,,,,,,,,,,0.08754679979411673,0.3084924213175543
7.4,,,,,,,,,,0.08323597591519227,0.3018217098788749
7.6,,,,,,,,,,0.07915350919309738,0.29533590334969584
7.8,,,,,,,,,,0.07528590914058642,0.2890276031044733
8.0,,0.06533333333333333,0.035111111111111114,,,0.23466666666666666,0.18911111111111112,,,0.07162061432159139,0.28288985341767536
8.2,,,,,,,,,,0.0681459148331841,0.2769161044025087
8.4,,,,,,,,,,0.06485088273295792,0.27110017892229876
8.6,,,,,,,,,,0.06172530942645771,0.2654362429613051
8.8,,,,,,,,,,0.05875964917284815,0.25991877901865146
9.0,0.07211111111111111,,,0.019333333333333334,0.218,,,0.14677777777777778,0.217,0.055944967986695016,0.2545425621529298
9.2,,,,,,,,,,0.053272897313973666,0.24930263835832844
9.4,,,,,,,,,,0.050735591944746083,0.2441943049978037
9.6,,,,,,,,,,0.04832569169618617,0.23921309305639538
9.8,,,,,,,,,,0.0460362864600542,0.23435475100954173
10.0,,0.04577777777777778,,,,0.18888888888888888,,,,0.04386088426017043,0.22961523012817686
10.2,,,,,,,,,,0.04179338200940097,0.22499067106531045
10.4,,,,,,,,,,0.039828038693375256,0.22047739158836455
10.6,,,,,,,,,,0.03795945074060014,0.2160718753383143
10.8,,,,,,,,,,0.03618252936664046,0.21177076151109553
11.0,0.052333333333333336,,,0.009222222222222222,0.184,,,0.10522222222222222,0.176,0.034492479704296475,0.20757083536917487
11.2,,,,,,,,,,0.03288478155277219,0.20346901950192942
11.4,,,,,,,,,,0.031355171597179154,0.19946236576280407
11.6,,,,,,,,,,0.029899626965751658,0.1955480478193229
11.8,,,,,,,,,,0.028514350006186073,0.19172335425909925
12.0,,0.02988888888888889,0.020444444444444446,,,0.15933333333333333,0.1218888888888889,,,0.027195754174843767,0.18798568220116796
12.2,,,,,,,,,,0.0259404509434058,0.18433253136737338
12.4,,,,,,,,,,0.02474523763714498,0.18076149857330504
12.6,,,,,,,,,,0.023607086127441,0.17727027260245376
12.8,,,,,,,,,,0.02252313230867542,0.1738566294309547
13.0,0.04111111111111111,,,0.005333333333333333,0.15166666666666667,,,0.08211111111111111,0.13533333333333333,0.021490666296301142,0.17051842777354576
13.2,,,,,,,,,,0.020507123288820872,0.16725360492426156
13.4,,,,,,,,,,0.01957007504169428,0.16406017286794838
13.6,,,,,,,,,,0.01867722190592469,0.16093621464096775
13.8,,,,,,,,,,0.01782638538830894,0.15787988092148886
14.0,,0.02022222222222222,,,,0.1282222222222222,,,,0.01701550119412909,0.15488938683158437
14.2,,,,,,,,,,0.016242612716476423,0.1519630089349674
14.4,,,,,,,,,,0.015505864939469038,0.1490990824156596
14.6,,,,,,,,,,0.014803498725388664,0.14629599842418428
14.8,,,,,,,,,,0.014133845458265348,0.14355220157904924
15.0,0.027444444444444445,,,0.003111111111111111,0.12166666666666667,,,0.05977777777777778,0.12066666666666667,0.013495322018694855,0.14086618761233927
15.2,,,,,,,,,,0.012886426066720524,0.13823650114918706
15.4,,,,,,,,,,0.012305731611469084,0.1356617336117497
15.6,,,,,,,,,,0.011751884847915006,0.13314052123909093
15.8,,,,,,,,,,0.011223600242678877,0.130671543215076
16.0,,,0.009111111111111111,,,,0.0898888888888889,,,0.010719656852165027,0.12825351989701494
16.2,,,,,,,,,,0.010238894857614755,0.12588521113837325
16.4,,,,,,,,,,0.009780212302814228,0.12356541469938997
16.6,,,,,,,,,,0.00934256202125816,0.12129296473992235
16.8,,,,,,,,,,0.008924948740544503,0.11906673038926896
17.0,0.02822222222222222,,,0.0012222222222222222,0.10755555555555556,,,0.04533333333333334,0.106,0.00852642635266343,0.11688561438812217
17.2,,,,,,,,,,0.008146095339664372,0.1147485517981609
17.4,,,,,,,,,,0.007783100344932348,0.11265450877512684
17.6,,,,,,,,,,0.007436627880994973,0.11060248140152962
17.8,,,,,,,,,,0.007105904165418453,0.1085914945754044
18.0,,0.013222222222222222,,,,0.09588888888888888,,,,0.0067901930769309615,0.10662060095179915
18.2,,,,,,,,,,0.006488794224454919,0.10468887993390386
18.4,,,,,,,,,,0.006201041122222861,0.10279543671094793
18.6,,,,,,,,,,0.005926299464613538,0.10093940134018797
18.8,,,,,,,,,,0.005663965494767109,0.09911992787049517
19.0,0.02288888888888889,,,0.0003333333333333333,0.09566666666666666,,,0.03211111111111111,0.08266666666666667,0.005413464461432871,0.09733619350521128
19.2,,,,,,,,,,0.005174249158863664,0.09558739780210546
19.4,,,,,,,,,,0.004945798544910063,0.09387276190840033
19.6,,,,,,,,,,0.0047276164327795245,0.09219152782897089
19.8,,,,,,,,,,0.004519230252214013,0.09054295772594179
20.0,,,0.004888888888888889,,,,0.06855555555555555,,,0.00432018987611027,0.08892633324802035
21.0,0.015,,,0.0003333333333333333,0.08366666666666667,,,0.024,0.06466666666666666,0.00345085633961828,0.08129853824284028
22.0,,0.009555555555555555,,,,0.0651111111111111,,,,0.0027587628763555694,0.07437178298441338
23.0,,,,,,,,,,0.002207172587041506,0.06807478201789274
24.0,,,0.003111111111111111,,,,0.04788888888888889,,,0.00176712394987244,0.06234458603121862
25.0,,,,,,,,,0.050333333333333334,0.001415740909477048,0.057125422738935505
26.0,,0.006333333333333333,,,,0.05533333333333333,,,,0.0011349227686801022,0.052367731787898664
27.0,,,,,,,,,,0.0009103248881473514,0.04802735508537348
28.0,,,0.0022222222222222222,,,,0.033777777777777775,,,0.0007305631342682251,0.04406485283893202
29.0,,,,,,,,,,0.0005865912152678288,0.040444922179472265
30.0,0.009555555555555555,0.004666666666666667,,0.00011111111111111112,0.04688888888888889,0.042777777777777776,,0.006333333333333333,0.043666666666666666,0.0004712121112164791,0.03713590017418078
31.0,,,,,,,,,,0.00037869385764488506,0.03410933678049777
34.0,,0.0026666666666666666,,,,0.03277777777777778,,,,,
36.0,,,0.00044444444444444447,,,,0.019333333333333334,,,,
38.0,,0.002111111111111111,,,,0.02722222222222222,,,,,
42.0,0.0057777777777777775,0.0016666666666666668,,0.0,0.028,0.02288888888888889,,0.0011111111111111111,,,
44.0,,,0.00022222222222222223,,,,0.013555555555555555,,,,
52.0,,,0.00044444444444444447,,,,0.005888888888888889,,,,
60.0,0.003777777777777778,0.0012222222222222222,0.00022222222222222223,0.0,0.01622222222222222,0.009666666666666667,0.006222222222222222,0.0003333333333333333,,,
68.0,,,0.0,,,,0.0032222222222222222,,,,
76.0,,,0.0003333333333333333,,,,0.0032222222222222222,,,,
84.0,,,0.0003333333333333333,,,,0.003,,,,
120.0,,,0.00022222222222222223,,,,0.001,,,,
