k, N1, "N1 w/o PoRs", T1
10000.0,767.0,892.8571428571429,4320562.133333333
20000.0,1535.0,1785.7142857142858,16442101.333333334
30000.0,2047.0,2678.5714285714284,35680028.800000004
40000.0,2815.0,3571.4285714285716,63362272.0
50000.0,3583.0,4464.285714285715,98844937.6
60000.0,4095.0,5357.142857142857,140483616.0
70000.0,4863.0,6250.0,191526985.6
80000.0,5631.0,7142.857142857143,250370777.6
90000.0,6143.0,8035.714285714285,314410206.93333334
100000.0,6911.0,8928.57142857143,388814702.9333333
110000.0,7423.0,9821.42857142857,467494601.6
120000.0,8191.0,10714.285714285714,557459801.6
130000.0,8959.0,11607.142857142857,655225424.0
140000.0,9471.0,12500.0,756306073.6
150000.0,10239.0,13392.857142857143,869632400.0
160000.0,10751.0,14285.714285714286,985353518.9333333
170000.0,11519.0,15178.57142857143,1114240549.3333335
180000.0,12287.0,16071.42857142857,1250928002.1333332
190000.0,12799.0,16964.285714285714,1389049872.0
200000.0,13567.0,17857.14285714286,1541298028.8
210000.0,14335.0,18750.0,1701346608.0
220000.0,14847.0,19642.85714285714,1861869228.8
230000.0,15615.0,20535.714285714286,2037478512.0000002
240000.0,16127.0,21428.571428571428,2212641602.1333337
250000.0,16895.0,22321.428571428572,2403811589.3333335
260000.0,17663.0,23214.285714285714,2602781998.9333334
270000.0,18175.0,24107.14285714286,2800345840.0
280000.0,18943.0,25000.0,3014876953.6000004
290000.0,19455.0,25892.85714285714,3227081264.0
300000.0,20223.0,26785.714285714286,3457173081.6
310000.0,20991.0,27678.571428571428,3695065321.6
320000.0,21503.0,28571.428571428572,3929670382.9333334
330000.0,22271.0,29464.285714285714,4183123326.9333334
340000.0,23039.0,30357.14285714286,4444376693.333333
350000.0,23551.0,31250.0,4701382505.6
360000.0,24319.0,32142.85714285714,4978196576.0
370000.0,24831.0,33035.71428571428,5249842857.6
380000.0,25599.0,33928.57142857143,5542217632.0
390000.0,26367.0,34821.42857142857,5842392828.8
400000.0,26879.0,35714.28571428572,6136439861.333333
410000.0,27647.0,36607.142857142855,6452175762.133334
420000.0,28159.0,37500.0,6760863264.0
430000.0,28927.0,38392.857142857145,7092159868.8
440000.0,29695.0,39285.71428571428,7431256896.0
450000.0,30207.0,40178.57142857143,7762345148.8
460000.0,30975.0,41071.42857142857,8117002880.0
470000.0,31743.0,41964.28571428572,8479461033.599999
480000.0,32255.0,42857.142857142855,8832950037.333334
490000.0,33023.0,43750.0,9210968894.933334
500000.0,33535.0,44642.857142857145,9579098368.000002
510000.0,34303.0,45535.71428571428,9972677929.599998
520000.0,35071.0,46428.57142857143,10374057913.599998
530000.0,35583.0,47321.42857142857,10764588137.6
540000.0,36351.0,48214.28571428572,11181528825.6
550000.0,36863.0,49107.142857142855,11586699518.933334
560000.0,37631.0,50000.0,12019200910.933332
570000.0,38399.0,50892.857142857145,12459502725.333334
580000.0,38911.0,51785.71428571428,12887074169.599998
590000.0,39679.0,52678.57142857143,13342936688.0
600000.0,40447.0,53571.42857142857,13806599628.800001
610000.0,40959.0,54464.28571428572,14256571824.000002
620000.0,41727.0,55357.142857142855,14735795468.8
630000.0,42239.0,56250.0,15200408133.333332
640000.0,43007.0,57142.857142857145,15695192482.133333
650000.0,43775.0,58035.71428571428,16197777253.333334
660000.0,44287.0,58928.57142857143,16684790668.8
670000.0,45055.0,59821.42857142857,17202936144.000004
680000.0,45567.0,60714.28571428572,17704590028.8
690000.0,46335.0,61607.142857142855,18238296208.0
700000.0,47103.0,62500.0,18779802809.6
710000.0,47615.0,63392.857142857145,19303857445.333332
720000.0,48383.0,64285.71428571428,19860924750.933334
730000.0,48895.0,65178.57142857143,20399619856.000004
740000.0,49663.0,66071.42857142857,20972247865.600002
750000.0,50431.0,66964.28571428571,21552676297.600002
760000.0,50943.0,67857.14285714286,22113772153.6
770000.0,51711.0,68750.0,22709761289.6
780000.0,52479.0,69642.85714285714,23313550848.000004
790000.0,52991.0,70535.71428571429,23897047454.933334
800000.0,53759.0,71428.57142857143,24516397717.333332
810000.0,54271.0,72321.42857142857,25114534793.6
820000.0,55039.0,73214.28571428571,25749445760.0
830000.0,55807.0,74107.14285714286,26392157148.800003
840000.0,56319.0,75000.0,27012694976.000004
850000.0,57087.0,75892.85714285714,27670967068.800003
860000.0,57599.0,76785.71428571429,28306145365.333332
870000.0,58367.0,77678.57142857143,28979978162.13333
880000.0,59135.0,78571.42857142857,29661611381.333332
890000.0,59647.0,79464.28571428571,30319190428.8
900000.0,60415.0,80357.14285714286,31016384352.000004
910000.0,61183.0,81250.0,31721378697.600002
920000.0,61695.0,82142.85714285714,32401358495.999996
930000.0,62463.0,83035.71428571429,33121913545.6
940000.0,62975.0,83928.57142857143,33816533813.333332
950000.0,63743.0,84821.42857142857,34552649566.933334
960000.0,64511.0,85714.28571428571,35296565742.93333
970000.0,65023.0,86607.14285714286,36013586761.6
980000.0,65791.0,87500.0,36773063641.6
990000.0,65791.0,88392.85714285714,37430973641.6
1000000.0,65791.0,89285.71428571429,38088883641.6
1010000.0,65791.0,90178.57142857143,38746793641.6
1020000.0,65791.0,91071.42857142857,39404703641.6
1030000.0,65791.0,91964.28571428571,40062613641.6
1040000.0,69097.0,92857.14285714286,40742097117.86667
1050000.0,69683.0,93750.0,41436001805.86667
1060000.0,70269.0,94642.85714285714,42135765868.799995
1070000.0,70855.0,95535.71428571429,42841389306.666664
1080000.0,71441.0,96428.57142857143,43552872119.46667
1090000.0,72027.0,97321.42857142857,44270214307.2
1100000.0,72613.0,98214.28571428571,44993415869.86667
1110000.0,73199.0,99107.14285714286,45722476807.46666
1120000.0,73785.0,100000.0,46457397120.0
1130000.0,74371.0,100892.85714285714,47198176807.46667
1140000.0,74957.0,101785.71428571429,47944815869.86667
1150000.0,75543.0,102678.57142857143,48697314307.200005
1160000.0,76129.0,103571.42857142857,49455672119.46667
1170000.0,76715.0,104464.28571428571,50219889306.666664
1180000.0,77301.0,105357.14285714286,50989965868.8
1190000.0,77887.0,106250.0,51765901805.86667
1200000.0,78472.0,107142.85714285714,52547697117.86667
1210000.0,79058.0,108035.71428571429,53335351805.86667
1220000.0,79644.0,108928.57142857143,54128865868.799995
1230000.0,80230.0,109821.42857142857,54928239306.666664
1240000.0,80816.0,110714.28571428571,55733472119.46667
1250000.0,81402.0,111607.14285714286,56544564307.2
1260000.0,81988.0,112500.0,57361515869.86667
1270000.0,82574.0,113392.85714285714,58184326807.46667
1280000.0,83160.0,114285.71428571429,59012997120.0
1290000.0,83746.0,115178.57142857143,59847526807.46667
1300000.0,84332.0,116071.42857142857,60687915869.86667
1310000.0,84918.0,116964.28571428571,61534164307.200005
1320000.0,85504.0,117857.14285714286,62386272119.46667
1330000.0,86090.0,118750.0,63244239306.66667
1340000.0,86676.0,119642.85714285714,64108065868.799995
1350000.0,87262.0,120535.71428571429,64977751805.86667
1360000.0,87847.0,121428.57142857143,65853297117.86667
1370000.0,88433.0,122321.42857142857,66734701805.86667
1380000.0,89019.0,123214.28571428571,67621965868.799995
1390000.0,89605.0,124107.14285714286,68515089306.666664
1400000.0,90191.0,125000.0,69414072119.46666
1410000.0,90777.0,125892.85714285714,70318914307.2
1420000.0,91363.0,126785.71428571429,71229615869.86667
1430000.0,91949.0,127678.57142857143,72146176807.46666
1440000.0,92535.0,128571.42857142857,73068597120.0
1450000.0,93121.0,129464.28571428571,73996876807.46667
1460000.0,93707.0,130357.14285714286,74931015869.86667
1470000.0,94293.0,131250.0,75871014307.2
1480000.0,94879.0,132142.85714285713,76816872119.46666
1490000.0,95465.0,133035.7142857143,77768589306.66667
1500000.0,96051.0,133928.57142857142,78726165868.8
1510000.0,96637.0,134821.42857142858,79689601805.86667
1520000.0,97222.0,135714.2857142857,80658897117.86667
1530000.0,97808.0,136607.14285714287,81634051805.86667
1540000.0,98394.0,137500.0,82615065868.8
1550000.0,98980.0,138392.85714285713,83601939306.66666
1560000.0,99566.0,139285.7142857143,84594672119.46666
1570000.0,100152.0,140178.57142857142,85593264307.2
1580000.0,100738.0,141071.42857142858,86597715869.86667
1590000.0,101324.0,141964.2857142857,87608026807.46666
1600000.0,101910.0,142857.14285714287,88624197120.00002
1610000.0,102496.0,143750.0,89646226807.46667
1620000.0,103082.0,144642.85714285713,90674115869.86667
1630000.0,103668.0,145535.7142857143,91707864307.2
1640000.0,104254.0,146428.57142857142,92747472119.46667
1650000.0,104840.0,147321.42857142858,93792939306.66667
1660000.0,105426.0,148214.2857142857,94844265868.8
1670000.0,106012.0,149107.14285714287,95901451805.86667
1680000.0,106597.0,150000.0,96964497117.86667
1690000.0,107183.0,150892.85714285713,98033401805.86667
1700000.0,107769.0,151785.7142857143,99108165868.8
1710000.0,108355.0,152678.57142857142,100188789306.66666
1720000.0,108941.0,153571.42857142858,101275272119.46666
1730000.0,109527.0,154464.2857142857,102367614307.2
1740000.0,110113.0,155357.14285714287,103465815869.86667
1750000.0,110699.0,156250.0,104569876807.46666
1760000.0,111285.0,157142.85714285713,105679797120.0
1770000.0,111871.0,158035.7142857143,106795576807.46666
1780000.0,112457.0,158928.57142857142,107917215869.86668
1790000.0,113043.0,159821.42857142858,109044714307.2
1800000.0,113629.0,160714.2857142857,110178072119.46667
1810000.0,114215.0,161607.14285714287,111317289306.66667
1820000.0,114801.0,162500.0,112462365868.80002
1830000.0,115387.0,163392.85714285713,113613301805.86668
1840000.0,115972.0,164285.7142857143,114770097117.86668
1850000.0,116558.0,165178.57142857142,115932751805.86667
1860000.0,117144.0,166071.42857142858,117101265868.8
1870000.0,117730.0,166964.2857142857,118275639306.66666
1880000.0,118316.0,167857.14285714287,119455872119.46666
1890000.0,118902.0,168750.0,120641964307.2
1900000.0,119488.0,169642.85714285713,121833915869.86667
1910000.0,120074.0,170535.7142857143,123031726807.46664
1920000.0,120660.0,171428.57142857142,124235397120.0
1930000.0,121246.0,172321.42857142858,125444926807.46667
1940000.0,121832.0,173214.2857142857,126660315869.86667
1950000.0,122418.0,174107.14285714287,127881564307.19998
1960000.0,123004.0,175000.0,129108672119.46667
1970000.0,123590.0,175892.85714285713,130341639306.66666
1980000.0,124176.0,176785.7142857143,131580465868.8
1990000.0,124762.0,177678.57142857142,132825151805.86665
2000000.0,125348.0,178571.42857142858,134075697117.86667
2010000.0,125933.0,179464.2857142857,135332101805.86667
2020000.0,126519.0,180357.14285714287,136594365868.79999
2030000.0,127105.0,181250.0,137862489306.6667
2040000.0,127691.0,182142.85714285713,139136472119.46667
2050000.0,128277.0,183035.7142857143,140416314307.2
2060000.0,128863.0,183928.57142857142,141702015869.86667
2070000.0,129449.0,184821.42857142858,142993576807.46667
2080000.0,130035.0,185714.2857142857,144290997120.0
2090000.0,130621.0,186607.14285714287,145594276807.46667
2100000.0,131071.0,187500.0,146903258327.46667
2110000.0,131071.0,188392.85714285713,148213968327.46667
2120000.0,131071.0,189285.7142857143,149524678327.46667
2130000.0,131071.0,190178.57142857142,150835388327.46667
2140000.0,131071.0,191071.42857142858,152146098327.46667
2150000.0,131071.0,191964.2857142857,153456808327.46667
2160000.0,131071.0,192857.14285714287,154767518327.46667
2170000.0,131071.0,193750.0,156078228327.46667
2180000.0,131071.0,194642.85714285713,157388938327.46667
2190000.0,131071.0,195535.7142857143,158699648327.46667
2200000.0,131071.0,196428.57142857142,160010358327.46667
2210000.0,131071.0,197321.42857142858,161321068327.46667
2220000.0,131071.0,198214.2857142857,162631778327.46667
2230000.0,131071.0,199107.14285714287,163942488327.46667
2240000.0,131071.0,200000.0,165253198327.46667
2250000.0,131071.0,200892.85714285713,166563908327.46667
2260000.0,131071.0,201785.7142857143,167874618327.46667
2270000.0,131071.0,202678.57142857142,169185328327.46667
2280000.0,131071.0,203571.42857142858,170496038327.46667
2290000.0,131071.0,204464.2857142857,171806748327.46667
2300000.0,131071.0,205357.14285714287,173117458327.46667
2310000.0,131071.0,206250.0,174428168327.46667
2320000.0,131071.0,207142.85714285713,175738878327.46667
2330000.0,131071.0,208035.7142857143,177049588327.46667
2340000.0,131071.0,208928.57142857142,178360298327.46667
2350000.0,131071.0,209821.42857142858,179671008327.46667
2360000.0,131071.0,210714.2857142857,180981718327.46667
2370000.0,131071.0,211607.14285714287,182292428327.46667
2380000.0,131071.0,212500.0,183603138327.46667
2390000.0,131071.0,213392.85714285713,184913848327.46667
2400000.0,131071.0,214285.7142857143,186224558327.46667
2410000.0,131071.0,215178.57142857142,187535268327.46667
2420000.0,131071.0,216071.42857142858,188845978327.46667
2430000.0,131071.0,216964.2857142857,190156688327.46667
2440000.0,131071.0,217857.14285714287,191467398327.46667
2450000.0,131071.0,218750.0,192778108327.46667
2460000.0,131071.0,219642.85714285713,194088818327.46667
2470000.0,131071.0,220535.7142857143,195399528327.46667
2480000.0,131071.0,221428.57142857142,196710238327.46667
2490000.0,131071.0,222321.42857142858,198020948327.46667
2500000.0,131071.0,223214.2857142857,199331658327.46667
2510000.0,131071.0,224107.14285714287,200642368327.46667
2520000.0,131071.0,225000.0,201953078327.46667
2530000.0,131071.0,225892.85714285713,203263788327.46667
2540000.0,131071.0,226785.7142857143,204574498327.46667
2550000.0,131071.0,227678.57142857142,205885208327.46667
2560000.0,131071.0,228571.42857142858,207195918327.46667
2570000.0,131071.0,229464.2857142857,208506628327.46667
2580000.0,131071.0,230357.14285714287,209817338327.46667
2590000.0,131071.0,231250.0,211128048327.46667
2600000.0,131071.0,232142.85714285713,212438758327.46667
2610000.0,131071.0,233035.7142857143,213749468327.46667
2620000.0,131071.0,233928.57142857142,215060178327.46667
2630000.0,131071.0,234821.42857142858,216370888327.46667
2640000.0,131071.0,235714.2857142857,217681598327.46667
2650000.0,131071.0,236607.14285714287,218992308327.46667
2660000.0,131071.0,237500.0,220303018327.46667
2670000.0,131071.0,238392.85714285713,221613728327.46667
2680000.0,131071.0,239285.7142857143,222924438327.46667
2690000.0,131071.0,240178.57142857142,224235148327.46667
2700000.0,131071.0,241071.42857142858,225545858327.46667
2710000.0,131071.0,241964.2857142857,226856568327.46667
2720000.0,131071.0,242857.14285714287,228167278327.46667
2730000.0,131071.0,243750.0,229477988327.46667
2740000.0,131071.0,244642.85714285713,230788698327.46667
2750000.0,131071.0,245535.7142857143,232099408327.46667
2760000.0,131071.0,246428.57142857142,233410118327.46667
2770000.0,131071.0,247321.42857142858,234720828327.46667
2780000.0,131071.0,248214.2857142857,236031538327.46667
2790000.0,131071.0,249107.14285714287,237342248327.46667
2800000.0,131071.0,250000.0,238652958327.46667
2810000.0,131071.0,250892.85714285713,239963668327.46667
2820000.0,131071.0,251785.7142857143,241274378327.46667
2830000.0,131071.0,252678.57142857142,242585088327.46667
2840000.0,131071.0,253571.42857142858,243895798327.46667
2850000.0,131071.0,254464.2857142857,245206508327.46667
2860000.0,131071.0,255357.14285714287,246517218327.46667
2870000.0,131071.0,256250.0,247827928327.46667
2880000.0,131071.0,257142.85714285713,249138638327.46667
2890000.0,131071.0,258035.7142857143,250449348327.46667
2900000.0,131071.0,258928.57142857142,251760058327.46667
2910000.0,131071.0,259821.42857142858,253070768327.46667
2920000.0,131071.0,260714.2857142857,254381478327.46667
2930000.0,131071.0,261607.14285714287,255692188327.46667
2940000.0,131071.0,262500.0,257002898327.46667
2950000.0,131071.0,263392.85714285716,258313608327.46667
2960000.0,131071.0,264285.71428571426,259624318327.46667
2970000.0,131071.0,265178.5714285714,260935028327.46667
2980000.0,131071.0,266071.4285714286,262245738327.46667
2990000.0,131071.0,266964.28571428574,263556448327.46667
3000000.0,131071.0,267857.14285714284,264867158327.46667
3010000.0,131071.0,268750.0,266177868327.46667
3020000.0,131071.0,269642.85714285716,267488578327.46667
3030000.0,131071.0,270535.71428571426,268799288327.46667
3040000.0,131071.0,271428.5714285714,270109998327.46667
3050000.0,131071.0,272321.4285714286,271420708327.46667
3060000.0,131071.0,273214.28571428574,272731418327.46667
3070000.0,131071.0,274107.14285714284,274042128327.46667
3080000.0,131071.0,275000.0,275352838327.4667
3090000.0,131071.0,275892.85714285716,276663548327.4667
3100000.0,131071.0,276785.71428571426,277974258327.4667
3110000.0,131071.0,277678.5714285714,279284968327.4667
3120000.0,131071.0,278571.4285714286,280595678327.4667
3130000.0,131071.0,279464.28571428574,281906388327.4667
3140000.0,131071.0,280357.14285714284,283217098327.4667
3150000.0,131071.0,281250.0,284527808327.4667
3160000.0,131071.0,282142.85714285716,285838518327.4667
3170000.0,131071.0,283035.71428571426,287149228327.4667
3180000.0,131071.0,283928.5714285714,288459938327.4667
3190000.0,131071.0,284821.4285714286,289770648327.4667
3200000.0,131071.0,285714.28571428574,291081358327.4667
3210000.0,131071.0,286607.14285714284,292392068327.4667
3220000.0,131071.0,287500.0,293702778327.4667
3230000.0,131071.0,288392.85714285716,295013488327.4667
3240000.0,131071.0,289285.71428571426,296324198327.4667
3250000.0,131071.0,290178.5714285714,297634908327.4667
3260000.0,131071.0,291071.4285714286,298945618327.4667
3270000.0,131071.0,291964.28571428574,300256328327.4667
3280000.0,131071.0,292857.14285714284,301567038327.4667
3290000.0,131071.0,293750.0,302877748327.4667
3300000.0,131071.0,294642.85714285716,304188458327.4667
3310000.0,131071.0,295535.71428571426,305499168327.4667
3320000.0,131071.0,296428.5714285714,306809878327.4667
3330000.0,131071.0,297321.4285714286,308120588327.4667
3340000.0,131071.0,298214.28571428574,309431298327.4667
3350000.0,131071.0,299107.14285714284,310742008327.4667
3360000.0,131071.0,300000.0,312052718327.4667
3370000.0,131071.0,300892.85714285716,313363428327.4667
3380000.0,131071.0,301785.71428571426,314674138327.4667
3390000.0,131071.0,302678.5714285714,315984848327.4667
3400000.0,131071.0,303571.4285714286,317295558327.4667
3410000.0,131071.0,304464.28571428574,318606268327.4667
3420000.0,131071.0,305357.14285714284,319916978327.4667
3430000.0,131071.0,306250.0,321227688327.4667
3440000.0,131071.0,307142.85714285716,322538398327.4667
3450000.0,131071.0,308035.71428571426,323849108327.4667
3460000.0,131071.0,308928.5714285714,325159818327.4667
3470000.0,131071.0,309821.4285714286,326470528327.4667
3480000.0,131071.0,310714.28571428574,327781238327.4667
3490000.0,131071.0,311607.14285714284,329091948327.4667
3500000.0,131071.0,312500.0,330402658327.4667
3510000.0,131071.0,313392.85714285716,331713368327.4667
3520000.0,131071.0,314285.71428571426,333024078327.4667
3530000.0,131071.0,315178.5714285714,334334788327.4667
3540000.0,131071.0,316071.4285714286,335645498327.4667
3550000.0,131071.0,316964.28571428574,336956208327.4667
3560000.0,131071.0,317857.14285714284,338266918327.4667
3570000.0,131071.0,318750.0,339577628327.4667
3580000.0,131071.0,319642.85714285716,340888338327.4667
3590000.0,131071.0,320535.71428571426,342199048327.4667
3600000.0,131071.0,321428.5714285714,343509758327.4667
3610000.0,131071.0,322321.4285714286,344820468327.4667
3620000.0,131071.0,323214.28571428574,346131178327.4667
3630000.0,131071.0,324107.14285714284,347441888327.4667
3640000.0,131071.0,325000.0,348752598327.4667
3650000.0,131071.0,325892.85714285716,350063308327.4667
3660000.0,131071.0,326785.71428571426,351374018327.4667
3670000.0,131071.0,327678.5714285714,352684728327.4667
3680000.0,131071.0,328571.4285714286,353995438327.4667
3690000.0,131071.0,329464.28571428574,355306148327.4667
3700000.0,131071.0,330357.14285714284,356616858327.4667
3710000.0,131071.0,331250.0,357927568327.4667
3720000.0,131071.0,332142.85714285716,359238278327.4667
3730000.0,131071.0,333035.71428571426,360548988327.4667
3740000.0,131071.0,333928.5714285714,361859698327.4667
3750000.0,131071.0,334821.4285714286,363170408327.4667
3760000.0,131071.0,335714.28571428574,364481118327.4667
3770000.0,131071.0,336607.14285714284,365791828327.4667
3780000.0,131071.0,337500.0,367102538327.4667
3790000.0,131071.0,338392.85714285716,368413248327.4667
3800000.0,131071.0,339285.71428571426,369723958327.4667
3810000.0,131071.0,340178.5714285714,371034668327.4667
3820000.0,131071.0,341071.4285714286,372345378327.4667
3830000.0,131071.0,341964.28571428574,373656088327.4667
3840000.0,131071.0,342857.14285714284,374966798327.4667
3850000.0,131071.0,343750.0,376277508327.4667
3860000.0,131071.0,344642.85714285716,377588218327.4667
3870000.0,131071.0,345535.71428571426,378898928327.4667
3880000.0,131071.0,346428.5714285714,380209638327.4667
3890000.0,131071.0,347321.4285714286,381520348327.4667
3900000.0,131071.0,348214.28571428574,382831058327.4667
3910000.0,131071.0,349107.14285714284,384141768327.4667
3920000.0,131071.0,350000.0,385452478327.4667
3930000.0,131071.0,350892.85714285716,386763188327.4667
3940000.0,131071.0,351785.71428571426,388073898327.4667
3950000.0,131071.0,352678.5714285714,389384608327.4667
3960000.0,131071.0,353571.4285714286,390695318327.4667
3970000.0,131071.0,354464.28571428574,392006028327.4667
3980000.0,131071.0,355357.14285714284,393316738327.4667
3990000.0,131071.0,356250.0,394627448327.4667
4000000.0,131071.0,357142.85714285716,395938158327.4667
4010000.0,131071.0,358035.71428571426,397248868327.4667
4020000.0,131071.0,358928.5714285714,398559578327.4667
4030000.0,131071.0,359821.4285714286,399870288327.4667
4040000.0,131071.0,360714.28571428574,401180998327.4667
4050000.0,131071.0,361607.14285714284,402491708327.4667
4060000.0,131071.0,362500.0,403802418327.4667
4070000.0,131071.0,363392.85714285716,405113128327.4667
4080000.0,131071.0,364285.71428571426,406423838327.4667
4090000.0,131071.0,365178.5714285714,407734548327.4667
4100000.0,131071.0,366071.4285714286,409045258327.4667
4110000.0,131071.0,366964.28571428574,410355968327.4667
4120000.0,131071.0,367857.14285714284,411666678327.4667
4130000.0,131071.0,368750.0,412977388327.4667
4140000.0,131071.0,369642.85714285716,414288098327.4667
4150000.0,131071.0,370535.71428571426,415598808327.4667
4160000.0,131071.0,371428.5714285714,416909518327.4667
4170000.0,131071.0,372321.4285714286,418220228327.4667
4180000.0,131071.0,373214.28571428574,419530938327.4667
4190000.0,131071.0,374107.14285714284,420841648327.4667
4200000.0,131071.0,375000.0,422152358327.4667
4210000.0,131071.0,375892.85714285716,423463068327.4667
4220000.0,131071.0,376785.71428571426,424773778327.4667
4230000.0,131071.0,377678.5714285714,426084488327.4667
4240000.0,131071.0,378571.4285714286,427395198327.4667
4250000.0,131071.0,379464.28571428574,428705908327.4667
4260000.0,131071.0,380357.14285714284,430016618327.4667
4270000.0,131071.0,381250.0,431327328327.4667
4280000.0,131071.0,382142.85714285716,432638038327.4667
4290000.0,131071.0,383035.71428571426,433948748327.4667
4300000.0,131071.0,383928.5714285714,435259458327.4667
4310000.0,131071.0,384821.4285714286,436570168327.4667
4320000.0,131071.0,385714.28571428574,437880878327.4667
4330000.0,131071.0,386607.14285714284,439191588327.4667
4340000.0,131071.0,387500.0,440502298327.4667
4350000.0,131071.0,388392.85714285716,441813008327.4667
4360000.0,131071.0,389285.71428571426,443123718327.4667
4370000.0,131071.0,390178.5714285714,444434428327.4667
4380000.0,131071.0,391071.4285714286,445745138327.4667
4390000.0,131071.0,391964.28571428574,447055848327.4667
4400000.0,131071.0,392857.14285714284,448366558327.4667
4410000.0,131071.0,393750.0,449677268327.4667
4420000.0,131071.0,394642.85714285716,450987978327.4667
4430000.0,131071.0,395535.71428571426,452298688327.4667
4440000.0,131071.0,396428.5714285714,453609398327.4667
4450000.0,131071.0,397321.4285714286,454920108327.4667
4460000.0,131071.0,398214.28571428574,456230818327.4667
4470000.0,131071.0,399107.14285714284,457541528327.4667
4480000.0,131071.0,400000.0,458852238327.4667
4490000.0,131071.0,400892.85714285716,460162948327.4667
4500000.0,131071.0,401785.71428571426,461473658327.4667
4510000.0,131071.0,402678.5714285714,462784368327.4667
4520000.0,131071.0,403571.4285714286,464095078327.4667
4530000.0,131071.0,404464.28571428574,465405788327.4667
4540000.0,131071.0,405357.14285714284,466716498327.4667
4550000.0,131071.0,406250.0,468027208327.4667
4560000.0,131071.0,407142.85714285716,469337918327.4667
4570000.0,131071.0,408035.71428571426,470648628327.4667
4580000.0,131071.0,408928.5714285714,471959338327.4667
4590000.0,131071.0,409821.4285714286,473270048327.4667
4600000.0,131071.0,410714.28571428574,474580758327.4667
4610000.0,131071.0,411607.14285714284,475891468327.4667
4620000.0,131071.0,412500.0,477202178327.4667
4630000.0,131071.0,413392.85714285716,478512888327.4667
4640000.0,131071.0,414285.71428571426,479823598327.4667
4650000.0,131071.0,415178.5714285714,481134308327.4667
4660000.0,131071.0,416071.4285714286,482445018327.4667
4670000.0,131071.0,416964.28571428574,483755728327.4667
4680000.0,131071.0,417857.14285714284,485066438327.4667
4690000.0,131071.0,418750.0,486377148327.4667
4700000.0,131071.0,419642.85714285716,487687858327.4667
4710000.0,131071.0,420535.71428571426,488998568327.4667
4720000.0,131071.0,421428.5714285714,490309278327.4667
4730000.0,131071.0,422321.4285714286,491619988327.4667
4740000.0,131071.0,423214.28571428574,492930698327.4667
4750000.0,131071.0,424107.14285714284,494241408327.4667
4760000.0,131071.0,425000.0,495552118327.4667
4770000.0,131071.0,425892.85714285716,496862828327.4667
4780000.0,131071.0,426785.71428571426,498173538327.4667
4790000.0,131071.0,427678.5714285714,499484248327.4667
4800000.0,131071.0,428571.4285714286,500794958327.4667
4810000.0,131071.0,429464.28571428574,502105668327.4667
4820000.0,131071.0,430357.14285714284,503416378327.4667
4830000.0,131071.0,431250.0,504727088327.4667
4840000.0,131071.0,432142.85714285716,506037798327.4667
4850000.0,131071.0,433035.71428571426,507348508327.4667
4860000.0,131071.0,433928.5714285714,508659218327.4667
4870000.0,131071.0,434821.4285714286,509969928327.4667
4880000.0,131071.0,435714.28571428574,511280638327.4667
4890000.0,131071.0,436607.14285714284,512591348327.4667
4900000.0,131071.0,437500.0,513902058327.4667
4910000.0,131071.0,438392.85714285716,515212768327.4667
4920000.0,131071.0,439285.71428571426,516523478327.4667
4930000.0,131071.0,440178.5714285714,517834188327.4667
4940000.0,131071.0,441071.4285714286,519144898327.4667
4950000.0,131071.0,441964.28571428574,520455608327.4667
4960000.0,131071.0,442857.14285714284,521766318327.4667
4970000.0,131071.0,443750.0,523077028327.4667
4980000.0,131071.0,444642.85714285716,524387738327.4667
4990000.0,131071.0,445535.71428571426,525698448327.4667
5000000.0,131071.0,446428.5714285714,527009158327.4667
5010000.0,131071.0,447321.4285714286,528319868327.4667
5020000.0,131071.0,448214.28571428574,529630578327.4667
5030000.0,131071.0,449107.14285714284,530941288327.4667
5040000.0,131071.0,450000.0,532251998327.4667
5050000.0,131071.0,450892.85714285716,533562708327.4667
5060000.0,131071.0,451785.71428571426,534873418327.4667
5070000.0,131071.0,452678.5714285714,536184128327.4667
5080000.0,131071.0,453571.4285714286,537494838327.4667
5090000.0,131071.0,454464.28571428574,538805548327.4667
5100000.0,131071.0,455357.14285714284,540116258327.4667
5110000.0,131071.0,456250.0,541426968327.4667
5120000.0,131071.0,457142.85714285716,542737678327.4667
5130000.0,131071.0,458035.71428571426,544048388327.4667
5140000.0,131071.0,458928.5714285714,545359098327.4667
5150000.0,131071.0,459821.4285714286,546669808327.4667
5160000.0,131071.0,460714.28571428574,547980518327.4667
5170000.0,131071.0,461607.14285714284,549291228327.4667
5180000.0,131071.0,462500.0,550601938327.4667
5190000.0,131071.0,463392.85714285716,551912648327.4667
5200000.0,131071.0,464285.71428571426,553223358327.4667
5210000.0,131071.0,465178.5714285714,554534068327.4667
5220000.0,131071.0,466071.4285714286,555844778327.4667
5230000.0,131071.0,466964.28571428574,557155488327.4667
5240000.0,131071.0,467857.14285714284,558466198327.4667
5250000.0,131071.0,468750.0,559776908327.4667
5260000.0,131071.0,469642.85714285716,561087618327.4667
5270000.0,131071.0,470535.71428571426,562398328327.4667
5280000.0,131071.0,471428.5714285714,563709038327.4667
5290000.0,131071.0,472321.4285714286,565019748327.4667
5300000.0,131071.0,473214.28571428574,566330458327.4667
5310000.0,131071.0,474107.14285714284,567641168327.4667
5320000.0,131071.0,475000.0,568951878327.4667
5330000.0,131071.0,475892.85714285716,570262588327.4667
5340000.0,131071.0,476785.71428571426,571573298327.4667
5350000.0,131071.0,477678.5714285714,572884008327.4667
5360000.0,131071.0,478571.4285714286,574194718327.4667
5370000.0,131071.0,479464.28571428574,575505428327.4667
5380000.0,131071.0,480357.14285714284,576816138327.4667
5390000.0,131071.0,481250.0,578126848327.4667
5400000.0,131071.0,482142.85714285716,579437558327.4667
5410000.0,131071.0,483035.71428571426,580748268327.4667
5420000.0,131071.0,483928.5714285714,582058978327.4667
5430000.0,131071.0,484821.4285714286,583369688327.4667
5440000.0,131071.0,485714.28571428574,584680398327.4667
5450000.0,131071.0,486607.14285714284,585991108327.4667
5460000.0,131071.0,487500.0,587301818327.4667
5470000.0,131071.0,488392.85714285716,588612528327.4667
5480000.0,131071.0,489285.71428571426,589923238327.4667
5490000.0,131071.0,490178.5714285714,591233948327.4667
5500000.0,131071.0,491071.4285714286,592544658327.4667
5510000.0,131071.0,491964.28571428574,593855368327.4667
5520000.0,131071.0,492857.14285714284,595166078327.4667
5530000.0,131071.0,493750.0,596476788327.4667
5540000.0,131071.0,494642.85714285716,597787498327.4667
5550000.0,131071.0,495535.71428571426,599098208327.4667
5560000.0,131071.0,496428.5714285714,600408918327.4667
5570000.0,131071.0,497321.4285714286,601719628327.4667
5580000.0,131071.0,498214.28571428574,603030338327.4667
5590000.0,131071.0,499107.14285714284,604341048327.4667
5600000.0,131071.0,500000.0,605651758327.4667
5610000.0,131071.0,500892.85714285716,606962468327.4667
5620000.0,131071.0,501785.71428571426,608273178327.4667
5630000.0,131071.0,502678.5714285714,609583888327.4667
5640000.0,131071.0,503571.4285714286,610894598327.4667
5650000.0,131071.0,504464.28571428574,612205308327.4667
5660000.0,131071.0,505357.14285714284,613516018327.4667
5670000.0,131071.0,506250.0,614826728327.4667
5680000.0,131071.0,507142.85714285716,616137438327.4667
5690000.0,131071.0,508035.71428571426,617448148327.4667
5700000.0,131071.0,508928.5714285714,618758858327.4667
5710000.0,131071.0,509821.4285714286,620069568327.4667
5720000.0,131071.0,510714.28571428574,621380278327.4667
5730000.0,131071.0,511607.14285714284,622690988327.4667
5740000.0,131071.0,512500.0,624001698327.4667
5750000.0,131071.0,513392.85714285716,625312408327.4667
5760000.0,131071.0,514285.71428571426,626623118327.4667
5770000.0,131071.0,515178.5714285714,627933828327.4667
5780000.0,131071.0,516071.4285714286,629244538327.4667
5790000.0,131071.0,516964.28571428574,630555248327.4667
5800000.0,131071.0,517857.14285714284,631865958327.4667
5810000.0,131071.0,518750.0,633176668327.4667
5820000.0,131071.0,519642.85714285716,634487378327.4667
5830000.0,131071.0,520535.71428571426,635798088327.4667
5840000.0,131071.0,521428.5714285714,637108798327.4667
5850000.0,131071.0,522321.4285714286,638419508327.4667
5860000.0,131071.0,523214.28571428574,639730218327.4667
5870000.0,131071.0,524107.14285714284,641040928327.4667
5880000.0,131071.0,525000.0,642351638327.4667
5890000.0,131071.0,525892.8571428572,643662348327.4667
5900000.0,131071.0,526785.7142857143,644973058327.4667
5910000.0,131071.0,527678.5714285715,646283768327.4667
5920000.0,131071.0,528571.4285714285,647594478327.4667
5930000.0,131071.0,529464.2857142857,648905188327.4667
5940000.0,131071.0,530357.1428571428,650215898327.4667
5950000.0,131071.0,531250.0,651526608327.4667
5960000.0,131071.0,532142.8571428572,652837318327.4667
5970000.0,131071.0,533035.7142857143,654148028327.4667
5980000.0,131071.0,533928.5714285715,655458738327.4667
5990000.0,131071.0,534821.4285714285,656769448327.4667
6000000.0,131071.0,535714.2857142857,658080158327.4667
6010000.0,131071.0,536607.1428571428,659390868327.4667
6020000.0,131071.0,537500.0,660701578327.4667
6030000.0,131071.0,538392.8571428572,662012288327.4667
6040000.0,131071.0,539285.7142857143,663322998327.4667
6050000.0,131071.0,540178.5714285715,664633708327.4667
6060000.0,131071.0,541071.4285714285,665944418327.4667
6070000.0,131071.0,541964.2857142857,667255128327.4667
6080000.0,131071.0,542857.1428571428,668565838327.4667
6090000.0,131071.0,543750.0,669876548327.4667
6100000.0,131071.0,544642.8571428572,671187258327.4667
6110000.0,131071.0,545535.7142857143,672497968327.4667
6120000.0,131071.0,546428.5714285715,673808678327.4667
6130000.0,131071.0,547321.4285714285,675119388327.4667
6140000.0,131071.0,548214.2857142857,676430098327.4667
6150000.0,131071.0,549107.1428571428,677740808327.4667
6160000.0,131071.0,550000.0,679051518327.4667
6170000.0,131071.0,550892.8571428572,680362228327.4667
6180000.0,131071.0,551785.7142857143,681672938327.4667
6190000.0,131071.0,552678.5714285715,682983648327.4667
6200000.0,131071.0,553571.4285714285,684294358327.4667
6210000.0,131071.0,554464.2857142857,685605068327.4667
6220000.0,131071.0,555357.1428571428,686915778327.4667
6230000.0,131071.0,556250.0,688226488327.4667
6240000.0,131071.0,557142.8571428572,689537198327.4667
6250000.0,131071.0,558035.7142857143,690847908327.4667
6260000.0,131071.0,558928.5714285715,692158618327.4667
6270000.0,131071.0,559821.4285714285,693469328327.4667
6280000.0,131071.0,560714.2857142857,694780038327.4667
6290000.0,131071.0,561607.1428571428,696090748327.4667
6300000.0,131071.0,562500.0,697401458327.4667
6310000.0,131071.0,563392.8571428572,698712168327.4667
6320000.0,131071.0,564285.7142857143,700022878327.4667
6330000.0,131071.0,565178.5714285715,701333588327.4667
6340000.0,131071.0,566071.4285714285,702644298327.4667
6350000.0,131071.0,566964.2857142857,703955008327.4667
6360000.0,131071.0,567857.1428571428,705265718327.4667
6370000.0,131071.0,568750.0,706576428327.4667
6380000.0,131071.0,569642.8571428572,707887138327.4667
6390000.0,131071.0,570535.7142857143,709197848327.4667
6400000.0,131071.0,571428.5714285715,710508558327.4667
6410000.0,131071.0,572321.4285714285,711819268327.4667
6420000.0,131071.0,573214.2857142857,713129978327.4667
6430000.0,131071.0,574107.1428571428,714440688327.4667
6440000.0,131071.0,575000.0,715751398327.4667
6450000.0,131071.0,575892.8571428572,717062108327.4667
6460000.0,131071.0,576785.7142857143,718372818327.4667
6470000.0,131071.0,577678.5714285715,719683528327.4667
6480000.0,131071.0,578571.4285714285,720994238327.4667
6490000.0,131071.0,579464.2857142857,722304948327.4667
6500000.0,131071.0,580357.1428571428,723615658327.4667
6510000.0,131071.0,581250.0,724926368327.4667
6520000.0,131071.0,582142.8571428572,726237078327.4667
6530000.0,131071.0,583035.7142857143,727547788327.4667
6540000.0,131071.0,583928.5714285715,728858498327.4667
6550000.0,131071.0,584821.4285714285,730169208327.4667
6560000.0,131071.0,585714.2857142857,731479918327.4667
6570000.0,131071.0,586607.1428571428,732790628327.4667
6580000.0,131071.0,587500.0,734101338327.4667
6590000.0,131071.0,588392.8571428572,735412048327.4667
6600000.0,131071.0,589285.7142857143,736722758327.4667
6610000.0,131071.0,590178.5714285715,738033468327.4667
6620000.0,131071.0,591071.4285714285,739344178327.4667
6630000.0,131071.0,591964.2857142857,740654888327.4667
6640000.0,131071.0,592857.1428571428,741965598327.4667
6650000.0,131071.0,593750.0,743276308327.4667
6660000.0,131071.0,594642.8571428572,744587018327.4667
6670000.0,131071.0,595535.7142857143,745897728327.4667
6680000.0,131071.0,596428.5714285715,747208438327.4667
6690000.0,131071.0,597321.4285714285,748519148327.4667
6700000.0,131071.0,598214.2857142857,749829858327.4667
6710000.0,131071.0,599107.1428571428,751140568327.4667
6720000.0,131071.0,600000.0,752451278327.4667
6730000.0,131071.0,600892.8571428572,753761988327.4667
6740000.0,131071.0,601785.7142857143,755072698327.4667
6750000.0,131071.0,602678.5714285715,756383408327.4667
6760000.0,131071.0,603571.4285714285,757694118327.4667
6770000.0,131071.0,604464.2857142857,759004828327.4667
6780000.0,131071.0,605357.1428571428,760315538327.4667
6790000.0,131071.0,606250.0,761626248327.4667
6800000.0,131071.0,607142.8571428572,762936958327.4667
6810000.0,131071.0,608035.7142857143,764247668327.4667
6820000.0,131071.0,608928.5714285715,765558378327.4667
6830000.0,131071.0,609821.4285714285,766869088327.4667
6840000.0,131071.0,610714.2857142857,768179798327.4667
6850000.0,131071.0,611607.1428571428,769490508327.4667
6860000.0,131071.0,612500.0,770801218327.4667
6870000.0,131071.0,613392.8571428572,772111928327.4667
6880000.0,131071.0,614285.7142857143,773422638327.4667
6890000.0,131071.0,615178.5714285715,774733348327.4667
6900000.0,131071.0,616071.4285714285,776044058327.4667
6910000.0,131071.0,616964.2857142857,777354768327.4667
6920000.0,131071.0,617857.1428571428,778665478327.4667
6930000.0,131071.0,618750.0,779976188327.4667
6940000.0,131071.0,619642.8571428572,781286898327.4667
6950000.0,131071.0,620535.7142857143,782597608327.4667
6960000.0,131071.0,621428.5714285715,783908318327.4667
6970000.0,131071.0,622321.4285714285,785219028327.4667
6980000.0,131071.0,623214.2857142857,786529738327.4667
6990000.0,131071.0,624107.1428571428,787840448327.4667
7000000.0,131071.0,625000.0,789151158327.4667
7010000.0,131071.0,625892.8571428572,790461868327.4667
7020000.0,131071.0,626785.7142857143,791772578327.4667
7030000.0,131071.0,627678.5714285715,793083288327.4667
7040000.0,131071.0,628571.4285714285,794393998327.4667
7050000.0,131071.0,629464.2857142857,795704708327.4667
7060000.0,131071.0,630357.1428571428,797015418327.4667
7070000.0,131071.0,631250.0,798326128327.4667
7080000.0,131071.0,632142.8571428572,799636838327.4667
7090000.0,131071.0,633035.7142857143,800947548327.4667
7100000.0,131071.0,633928.5714285715,802258258327.4667
7110000.0,131071.0,634821.4285714285,803568968327.4667
7120000.0,131071.0,635714.2857142857,804879678327.4667
7130000.0,131071.0,636607.1428571428,806190388327.4667
7140000.0,131071.0,637500.0,807501098327.4667
7150000.0,131071.0,638392.8571428572,808811808327.4667
7160000.0,131071.0,639285.7142857143,810122518327.4667
7170000.0,131071.0,640178.5714285715,811433228327.4667
7180000.0,131071.0,641071.4285714285,812743938327.4667
7190000.0,131071.0,641964.2857142857,814054648327.4667
7200000.0,131071.0,642857.1428571428,815365358327.4667
7210000.0,131071.0,643750.0,816676068327.4667
7220000.0,131071.0,644642.8571428572,817986778327.4667
7230000.0,131071.0,645535.7142857143,819297488327.4667
7240000.0,131071.0,646428.5714285715,820608198327.4667
7250000.0,131071.0,647321.4285714285,821918908327.4667
7260000.0,131071.0,648214.2857142857,823229618327.4667
7270000.0,131071.0,649107.1428571428,824540328327.4667
7280000.0,131071.0,650000.0,825851038327.4667
7290000.0,131071.0,650892.8571428572,827161748327.4667
7300000.0,131071.0,651785.7142857143,828472458327.4667
7310000.0,131071.0,652678.5714285715,829783168327.4667
7320000.0,131071.0,653571.4285714285,831093878327.4667
7330000.0,131071.0,654464.2857142857,832404588327.4667
7340000.0,131071.0,655357.1428571428,833715298327.4667
7350000.0,131071.0,656250.0,835026008327.4667
7360000.0,131071.0,657142.8571428572,836336718327.4667
7370000.0,131071.0,658035.7142857143,837647428327.4667
7380000.0,131071.0,658928.5714285715,838958138327.4667
7390000.0,131071.0,659821.4285714285,840268848327.4667
7400000.0,131071.0,660714.2857142857,841579558327.4667
7410000.0,131071.0,661607.1428571428,842890268327.4667
7420000.0,131071.0,662500.0,844200978327.4667
7430000.0,131071.0,663392.8571428572,845511688327.4667
7440000.0,131071.0,664285.7142857143,846822398327.4667
7450000.0,131071.0,665178.5714285715,848133108327.4667
7460000.0,131071.0,666071.4285714285,849443818327.4667
7470000.0,131071.0,666964.2857142857,850754528327.4667
7480000.0,131071.0,667857.1428571428,852065238327.4667
7490000.0,131071.0,668750.0,853375948327.4667
7500000.0,131071.0,669642.8571428572,854686658327.4667
7510000.0,131071.0,670535.7142857143,855997368327.4667
7520000.0,131071.0,671428.5714285715,857308078327.4667
7530000.0,131071.0,672321.4285714285,858618788327.4667
7540000.0,131071.0,673214.2857142857,859929498327.4667
7550000.0,131071.0,674107.1428571428,861240208327.4667
7560000.0,131071.0,675000.0,862550918327.4667
7570000.0,131071.0,675892.8571428572,863861628327.4667
7580000.0,131071.0,676785.7142857143,865172338327.4667
7590000.0,131071.0,677678.5714285715,866483048327.4667
7600000.0,131071.0,678571.4285714285,867793758327.4667
7610000.0,131071.0,679464.2857142857,869104468327.4667
7620000.0,131071.0,680357.1428571428,870415178327.4667
7630000.0,131071.0,681250.0,871725888327.4667
7640000.0,131071.0,682142.8571428572,873036598327.4667
7650000.0,131071.0,683035.7142857143,874347308327.4667
7660000.0,131071.0,683928.5714285715,875658018327.4667
7670000.0,131071.0,684821.4285714285,876968728327.4667
7680000.0,131071.0,685714.2857142857,878279438327.4667
7690000.0,131071.0,686607.1428571428,879590148327.4667
7700000.0,131071.0,687500.0,880900858327.4667
7710000.0,131071.0,688392.8571428572,882211568327.4667
7720000.0,131071.0,689285.7142857143,883522278327.4667
7730000.0,131071.0,690178.5714285715,884832988327.4667
7740000.0,131071.0,691071.4285714285,886143698327.4667
7750000.0,131071.0,691964.2857142857,887454408327.4667
7760000.0,131071.0,692857.1428571428,888765118327.4667
7770000.0,131071.0,693750.0,890075828327.4667
7780000.0,131071.0,694642.8571428572,891386538327.4667
7790000.0,131071.0,695535.7142857143,892697248327.4667
7800000.0,131071.0,696428.5714285715,894007958327.4667
7810000.0,131071.0,697321.4285714285,895318668327.4667
7820000.0,131071.0,698214.2857142857,896629378327.4667
7830000.0,131071.0,699107.1428571428,897940088327.4667
7840000.0,131071.0,700000.0,899250798327.4667
7850000.0,131071.0,700892.8571428572,900561508327.4667
7860000.0,131071.0,701785.7142857143,901872218327.4667
7870000.0,131071.0,702678.5714285715,903182928327.4667
7880000.0,131071.0,703571.4285714285,904493638327.4667
7890000.0,131071.0,704464.2857142857,905804348327.4667
7900000.0,131071.0,705357.1428571428,907115058327.4667
7910000.0,131071.0,706250.0,908425768327.4667
7920000.0,131071.0,707142.8571428572,909736478327.4667
7930000.0,131071.0,708035.7142857143,911047188327.4667
7940000.0,131071.0,708928.5714285715,912357898327.4667
7950000.0,131071.0,709821.4285714285,913668608327.4667
7960000.0,131071.0,710714.2857142857,914979318327.4667
7970000.0,131071.0,711607.1428571428,916290028327.4667
7980000.0,131071.0,712500.0,917600738327.4667
7990000.0,131071.0,713392.8571428572,918911448327.4667
8000000.0,131071.0,714285.7142857143,920222158327.4667
8010000.0,131071.0,715178.5714285715,921532868327.4667
8020000.0,131071.0,716071.4285714285,922843578327.4667
8030000.0,131071.0,716964.2857142857,924154288327.4667
8040000.0,131071.0,717857.1428571428,925464998327.4667
8050000.0,131071.0,718750.0,926775708327.4667
8060000.0,131071.0,719642.8571428572,928086418327.4667
8070000.0,131071.0,720535.7142857143,929397128327.4667
8080000.0,131071.0,721428.5714285715,930707838327.4667
8090000.0,131071.0,722321.4285714285,932018548327.4667
8100000.0,131071.0,723214.2857142857,933329258327.4667
8110000.0,131071.0,724107.1428571428,934639968327.4667
8120000.0,131071.0,725000.0,935950678327.4667
8130000.0,131071.0,725892.8571428572,937261388327.4667
8140000.0,131071.0,726785.7142857143,938572098327.4667
8150000.0,131071.0,727678.5714285715,939882808327.4667
8160000.0,131071.0,728571.4285714285,941193518327.4667
8170000.0,131071.0,729464.2857142857,942504228327.4667
8180000.0,131071.0,730357.1428571428,943814938327.4667
8190000.0,131071.0,731250.0,945125648327.4667
8200000.0,131071.0,732142.8571428572,946436358327.4667
8210000.0,131071.0,733035.7142857143,947747068327.4667
8220000.0,131071.0,733928.5714285715,949057778327.4667
8230000.0,131071.0,734821.4285714285,950368488327.4667
8240000.0,131071.0,735714.2857142857,951679198327.4667
8250000.0,131071.0,736607.1428571428,952989908327.4667
8260000.0,131071.0,737500.0,954300618327.4667
8270000.0,131071.0,738392.8571428572,955611328327.4667
8280000.0,131071.0,739285.7142857143,956922038327.4667
8290000.0,131071.0,740178.5714285715,958232748327.4667
8300000.0,131071.0,741071.4285714285,959543458327.4667
8310000.0,131071.0,741964.2857142857,960854168327.4667
8320000.0,131071.0,742857.1428571428,962164878327.4667
8330000.0,131071.0,743750.0,963475588327.4667
8340000.0,131071.0,744642.8571428572,964786298327.4667
8350000.0,131071.0,745535.7142857143,966097008327.4667
8360000.0,131071.0,746428.5714285715,967407718327.4667
8370000.0,131071.0,747321.4285714285,968718428327.4667
8380000.0,131071.0,748214.2857142857,970029138327.4667
8390000.0,131071.0,749107.1428571428,971339848327.4667
8400000.0,131071.0,750000.0,972650558327.4667
8410000.0,131071.0,750892.8571428572,973961268327.4667
8420000.0,131071.0,751785.7142857143,975271978327.4667
8430000.0,131071.0,752678.5714285715,976582688327.4667
8440000.0,131071.0,753571.4285714285,977893398327.4667
8450000.0,131071.0,754464.2857142857,979204108327.4667
8460000.0,131071.0,755357.1428571428,980514818327.4667
8470000.0,131071.0,756250.0,981825528327.4667
8480000.0,131071.0,757142.8571428572,983136238327.4667
8490000.0,131071.0,758035.7142857143,984446948327.4667
8500000.0,131071.0,758928.5714285715,985757658327.4667
8510000.0,131071.0,759821.4285714285,987068368327.4667
8520000.0,131071.0,760714.2857142857,988379078327.4667
8530000.0,131071.0,761607.1428571428,989689788327.4667
8540000.0,131071.0,762500.0,991000498327.4667
8550000.0,131071.0,763392.8571428572,992311208327.4667
8560000.0,131071.0,764285.7142857143,993621918327.4667
8570000.0,131071.0,765178.5714285715,994932628327.4667
8580000.0,131071.0,766071.4285714285,996243338327.4667
8590000.0,131071.0,766964.2857142857,997554048327.4667
8600000.0,131071.0,767857.1428571428,998864758327.4667
8610000.0,131071.0,768750.0,1000175468327.4667
8620000.0,131071.0,769642.8571428572,1001486178327.4667
8630000.0,131071.0,770535.7142857143,1002796888327.4667
8640000.0,131071.0,771428.5714285715,1004107598327.4667
8650000.0,131071.0,772321.4285714285,1005418308327.4667
8660000.0,131071.0,773214.2857142857,1006729018327.4667
8670000.0,131071.0,774107.1428571428,1008039728327.4667
8680000.0,131071.0,775000.0,1009350438327.4667
8690000.0,131071.0,775892.8571428572,1010661148327.4667
8700000.0,131071.0,776785.7142857143,1011971858327.4667
8710000.0,131071.0,777678.5714285715,1013282568327.4667
8720000.0,131071.0,778571.4285714285,1014593278327.4667
8730000.0,131071.0,779464.2857142857,1015903988327.4667
8740000.0,131071.0,780357.1428571428,1017214698327.4667
8750000.0,131071.0,781250.0,1018525408327.4667
8760000.0,131071.0,782142.8571428572,1019836118327.4667
8770000.0,131071.0,783035.7142857143,1021146828327.4667
8780000.0,131071.0,783928.5714285715,1022457538327.4667
8790000.0,131071.0,784821.4285714285,1023768248327.4667
8800000.0,131071.0,785714.2857142857,1025078958327.4667
8810000.0,131071.0,786607.1428571428,1026389668327.4667
8820000.0,131071.0,787500.0,1027700378327.4667
8830000.0,131071.0,788392.8571428572,1029011088327.4667
8840000.0,131071.0,789285.7142857143,1030321798327.4667
8850000.0,131071.0,790178.5714285715,1031632508327.4667
8860000.0,131071.0,791071.4285714285,1032943218327.4667
8870000.0,131071.0,791964.2857142857,1034253928327.4667
8880000.0,131071.0,792857.1428571428,1035564638327.4667
8890000.0,131071.0,793750.0,1036875348327.4667
8900000.0,131071.0,794642.8571428572,1038186058327.4667
8910000.0,131071.0,795535.7142857143,1039496768327.4667
8920000.0,131071.0,796428.5714285715,1040807478327.4667
8930000.0,131071.0,797321.4285714285,1042118188327.4667
8940000.0,131071.0,798214.2857142857,1043428898327.4667
8950000.0,131071.0,799107.1428571428,1044739608327.4667
8960000.0,131071.0,800000.0,1046050318327.4667
8970000.0,131071.0,800892.8571428572,1047361028327.4667
8980000.0,131071.0,801785.7142857143,1048671738327.4667
8990000.0,131071.0,802678.5714285715,1049982448327.4667
9000000.0,131071.0,803571.4285714285,1051293158327.4667
9010000.0,131071.0,804464.2857142857,1052603868327.4667
9020000.0,131071.0,805357.1428571428,1053914578327.4667
9030000.0,131071.0,806250.0,1055225288327.4667
9040000.0,131071.0,807142.8571428572,1056535998327.4667
9050000.0,131071.0,808035.7142857143,1057846708327.4667
9060000.0,131071.0,808928.5714285715,1059157418327.4667
9070000.0,131071.0,809821.4285714285,1060468128327.4667
9080000.0,131071.0,810714.2857142857,1061778838327.4667
9090000.0,131071.0,811607.1428571428,1063089548327.4667
9100000.0,131071.0,812500.0,1064400258327.4667
9110000.0,131071.0,813392.8571428572,1065710968327.4667
9120000.0,131071.0,814285.7142857143,1067021678327.4667
9130000.0,131071.0,815178.5714285715,1068332388327.4667
9140000.0,131071.0,816071.4285714285,1069643098327.4667
9150000.0,131071.0,816964.2857142857,1070953808327.4667
9160000.0,131071.0,817857.1428571428,1072264518327.4667
9170000.0,131071.0,818750.0,1073575228327.4667
9180000.0,131071.0,819642.8571428572,1074885938327.4667
9190000.0,131071.0,820535.7142857143,1076196648327.4667
9200000.0,131071.0,821428.5714285715,1077507358327.4667
9210000.0,131071.0,822321.4285714285,1078818068327.4667
9220000.0,131071.0,823214.2857142857,1080128778327.4667
9230000.0,131071.0,824107.1428571428,1081439488327.4667
9240000.0,131071.0,825000.0,1082750198327.4667
9250000.0,131071.0,825892.8571428572,1084060908327.4667
9260000.0,131071.0,826785.7142857143,1085371618327.4667
9270000.0,131071.0,827678.5714285715,1086682328327.4667
9280000.0,131071.0,828571.4285714285,1087993038327.4667
9290000.0,131071.0,829464.2857142857,1089303748327.4667
9300000.0,131071.0,830357.1428571428,1090614458327.4667
9310000.0,131071.0,831250.0,1091925168327.4667
9320000.0,131071.0,832142.8571428572,1093235878327.4667
9330000.0,131071.0,833035.7142857143,1094546588327.4667
9340000.0,131071.0,833928.5714285715,1095857298327.4667
9350000.0,131071.0,834821.4285714285,1097168008327.4667
9360000.0,131071.0,835714.2857142857,1098478718327.4667
9370000.0,131071.0,836607.1428571428,1099789428327.4668
9380000.0,131071.0,837500.0,1101100138327.4668
9390000.0,131071.0,838392.8571428572,1102410848327.4668
9400000.0,131071.0,839285.7142857143,1103721558327.4668
9410000.0,131071.0,840178.5714285715,1105032268327.4668
9420000.0,131071.0,841071.4285714285,1106342978327.4668
9430000.0,131071.0,841964.2857142857,1107653688327.4668
9440000.0,131071.0,842857.1428571428,1108964398327.4668
9450000.0,131071.0,843750.0,1110275108327.4668
9460000.0,131071.0,844642.8571428572,1111585818327.4668
9470000.0,131071.0,845535.7142857143,1112896528327.4668
9480000.0,131071.0,846428.5714285715,1114207238327.4668
9490000.0,131071.0,847321.4285714285,1115517948327.4668
9500000.0,131071.0,848214.2857142857,1116828658327.4668
9510000.0,131071.0,849107.1428571428,1118139368327.4668
9520000.0,131071.0,850000.0,1119450078327.4668
9530000.0,131071.0,850892.8571428572,1120760788327.4668
9540000.0,131071.0,851785.7142857143,1122071498327.4668
9550000.0,131071.0,852678.5714285715,1123382208327.4668
9560000.0,131071.0,853571.4285714285,1124692918327.4668
9570000.0,131071.0,854464.2857142857,1126003628327.4668
9580000.0,131071.0,855357.1428571428,1127314338327.4668
9590000.0,131071.0,856250.0,1128625048327.4668
9600000.0,131071.0,857142.8571428572,1129935758327.4668
9610000.0,131071.0,858035.7142857143,1131246468327.4668
9620000.0,131071.0,858928.5714285715,1132557178327.4668
9630000.0,131071.0,859821.4285714285,1133867888327.4668
9640000.0,131071.0,860714.2857142857,1135178598327.4668
9650000.0,131071.0,861607.1428571428,1136489308327.4668
9660000.0,131071.0,862500.0,1137800018327.4668
9670000.0,131071.0,863392.8571428572,1139110728327.4668
9680000.0,131071.0,864285.7142857143,1140421438327.4668
9690000.0,131071.0,865178.5714285715,1141732148327.4668
9700000.0,131071.0,866071.4285714285,1143042858327.4668
9710000.0,131071.0,866964.2857142857,1144353568327.4668
9720000.0,131071.0,867857.1428571428,1145664278327.4668
9730000.0,131071.0,868750.0,1146974988327.4668
9740000.0,131071.0,869642.8571428572,1148285698327.4668
9750000.0,131071.0,870535.7142857143,1149596408327.4668
9760000.0,131071.0,871428.5714285715,1150907118327.4668
9770000.0,131071.0,872321.4285714285,1152217828327.4668
9780000.0,131071.0,873214.2857142857,1153528538327.4668
9790000.0,131071.0,874107.1428571428,1154839248327.4668
9800000.0,131071.0,875000.0,1156149958327.4668
9810000.0,131071.0,875892.8571428572,1157460668327.4668
9820000.0,131071.0,876785.7142857143,1158771378327.4668
9830000.0,131071.0,877678.5714285715,1160082088327.4668
9840000.0,131071.0,878571.4285714285,1161392798327.4668
9850000.0,131071.0,879464.2857142857,1162703508327.4668
9860000.0,131071.0,880357.1428571428,1164014218327.4668
9870000.0,131071.0,881250.0,1165324928327.4668
9880000.0,131071.0,882142.8571428572,1166635638327.4668
9890000.0,131071.0,883035.7142857143,1167946348327.4668
9900000.0,131071.0,883928.5714285715,1169257058327.4668
9910000.0,131071.0,884821.4285714285,1170567768327.4668
9920000.0,131071.0,885714.2857142857,1171878478327.4668
9930000.0,131071.0,886607.1428571428,1173189188327.4668
9940000.0,131071.0,887500.0,1174499898327.4668
9950000.0,131071.0,888392.8571428572,1175810608327.4668
9960000.0,131071.0,889285.7142857143,1177121318327.4668
9970000.0,131071.0,890178.5714285715,1178432028327.4668
9980000.0,131071.0,891071.4285714285,1179742738327.4668
9990000.0,131071.0,891964.2857142857,1181053448327.4668
10000000.0,131071.0,892857.1428571428,1182364158327.4668