100.0,7.0,15.0
133.0,8.0,19.95
167.0,8.0,25.05
200.0,12.0,30.0
233.0,13.0,34.95
267.0,15.0,40.05
300.0,16.0,45.0
333.0,16.0,49.95
367.0,16.0,55.05
400.0,16.0,60.0
433.0,22.0,64.95
467.0,24.0,70.05
500.0,26.0,75.0
533.0,27.0,79.95
567.0,29.0,85.05
600.0,31.0,90.0
633.0,32.0,94.95
667.0,32.0,100.05
700.0,32.0,105.0
733.0,32.0,109.95
767.0,32.0,115.05
800.0,32.0,120.0
833.0,32.0,124.95
867.0,32.0,130.05
900.0,32.0,135.0
933.0,32.0,139.95
967.0,45.0,145.05
1000.0,46.0,150.0
1033.0,48.0,154.95
1067.0,49.0,160.05
1100.0,51.0,165.0
1133.0,52.0,169.95
1167.0,54.0,175.05
1200.0,56.0,180.0
1233.0,57.0,184.95
1267.0,59.0,190.05
1300.0,60.0,195.0
1333.0,62.0,199.95
1367.0,63.0,205.05
1400.0,64.0,210.0
1433.0,64.0,214.95
1467.0,64.0,220.05
1500.0,64.0,225.0
1533.0,64.0,229.95
1567.0,64.0,235.05
1600.0,64.0,240.0
1633.0,64.0,244.95
1667.0,64.0,250.05
1700.0,64.0,255.0
1733.0,64.0,259.95
1767.0,64.0,265.05
1800.0,64.0,270.0
1833.0,64.0,274.95
1867.0,64.0,280.05
1900.0,64.0,285.0
1933.0,64.0,289.95
1967.0,64.0,295.05
2000.0,64.0,300.0
2033.0,64.0,304.95
2067.0,64.0,310.05
2100.0,64.0,315.0
2133.0,64.0,319.95
2167.0,91.0,325.05
2200.0,93.0,330.0
2233.0,94.0,334.95
2267.0,96.0,340.05
2300.0,97.0,345.0
2333.0,98.0,349.95
2367.0,100.0,355.05
2400.0,101.0,360.0
2433.0,103.0,364.95
2467.0,104.0,370.05
2500.0,105.0,375.0
2533.0,107.0,379.95
2567.0,108.0,385.05
2600.0,110.0,390.0
2633.0,111.0,394.95
2667.0,112.0,400.05
2700.0,114.0,405.0
2733.0,115.0,409.95
2767.0,117.0,415.05
2800.0,118.0,420.0
2833.0,119.0,424.95
2867.0,121.0,430.05
2900.0,122.0,435.0
2933.0,124.0,439.95
2967.0,125.0,445.05
3000.0,126.0,450.0
3033.0,128.0,454.95
3067.0,128.0,460.05
3100.0,128.0,465.0
3133.0,128.0,469.95
3167.0,128.0,475.05
3200.0,128.0,480.0
3233.0,128.0,484.95
3267.0,128.0,490.05
3300.0,128.0,495.0
3333.0,128.0,499.95
3367.0,128.0,505.05
3400.0,128.0,510.0
3433.0,128.0,514.95
3467.0,128.0,520.05
3500.0,128.0,525.0
3533.0,128.0,529.95
3567.0,128.0,535.05
3600.0,128.0,540.0
3633.0,128.0,544.95
3667.0,128.0,550.05
3700.0,128.0,555.0
3733.0,128.0,559.95
3767.0,128.0,565.05
3800.0,128.0,570.0
3833.0,128.0,574.95
3867.0,128.0,580.05
3900.0,128.0,585.0
3933.0,128.0,589.95
3967.0,128.0,595.05
4000.0,128.0,600.0
4033.0,128.0,604.95
4067.0,128.0,610.05
4100.0,128.0,615.0
4133.0,128.0,619.95
4167.0,128.0,625.05
4200.0,128.0,630.0
4233.0,128.0,634.95
4267.0,128.0,640.05
4300.0,128.0,645.0
4333.0,128.0,649.95
4367.0,128.0,655.05
4400.0,128.0,660.0
4433.0,128.0,664.95
4467.0,128.0,670.05
4500.0,128.0,675.0
4533.0,128.0,679.95
4567.0,128.0,685.05
4600.0,128.0,690.0
4633.0,128.0,694.95
4667.0,128.0,700.05
4700.0,182.0,705.0
4733.0,183.0,709.95
4767.0,184.0,715.05
4800.0,186.0,720.0
4833.0,187.0,724.95
4867.0,188.0,730.05
4900.0,189.0,735.0
4933.0,191.0,739.95
4967.0,192.0,745.05
5000.0,193.0,750.0
5033.0,195.0,754.95
5067.0,196.0,760.05
5100.0,197.0,765.0
5133.0,198.0,769.95
5167.0,200.0,775.05
5200.0,201.0,780.0
5233.0,202.0,784.95
5267.0,204.0,790.05
5300.0,205.0,795.0
5333.0,206.0,799.95
5367.0,207.0,805.05
5400.0,209.0,810.0
5433.0,210.0,814.95
5467.0,211.0,820.05
5500.0,213.0,825.0
5533.0,214.0,829.95
5567.0,215.0,835.05
5600.0,216.0,840.0
5633.0,218.0,844.95
5667.0,219.0,850.05
5700.0,220.0,855.0
5733.0,222.0,859.95
5767.0,223.0,865.05
5800.0,224.0,870.0
5833.0,226.0,874.95
5867.0,227.0,880.05
5900.0,228.0,885.0
5933.0,229.0,889.95
5967.0,231.0,895.05
6000.0,232.0,900.0
6033.0,233.0,904.95
6067.0,235.0,910.05
6100.0,236.0,915.0
6133.0,237.0,919.95
6167.0,238.0,925.05
6200.0,240.0,930.0
6233.0,241.0,934.95
6267.0,242.0,940.05
6300.0,244.0,945.0
6333.0,245.0,949.95
6367.0,246.0,955.05
6400.0,247.0,960.0
6433.0,249.0,964.95
6467.0,250.0,970.05
6500.0,251.0,975.0
6533.0,253.0,979.95
6567.0,254.0,985.05
6600.0,255.0,990.0
6633.0,256.0,994.95
6667.0,256.0,1000.05
6700.0,256.0,1005.0
6733.0,256.0,1009.95
6767.0,256.0,1015.05
6800.0,256.0,1020.0
6833.0,256.0,1024.95
6867.0,256.0,1030.05
6900.0,256.0,1035.0
6933.0,256.0,1039.95
6967.0,256.0,1045.05
7000.0,256.0,1050.0
7033.0,256.0,1054.95
7067.0,256.0,1060.05
7100.0,256.0,1065.0
7133.0,256.0,1069.95
7167.0,256.0,1075.05
7200.0,256.0,1080.0
7233.0,256.0,1084.95
7267.0,256.0,1090.05
7300.0,256.0,1095.0
7333.0,256.0,1099.95
7367.0,256.0,1105.05
7400.0,256.0,1110.0
7433.0,256.0,1114.95
7467.0,256.0,1120.05
7500.0,256.0,1125.0
7533.0,256.0,1129.95
7567.0,256.0,1135.05
7600.0,256.0,1140.0
7633.0,256.0,1144.95
7667.0,256.0,1150.05
7700.0,256.0,1155.0
7733.0,256.0,1159.95
7767.0,256.0,1165.05
7800.0,256.0,1170.0
7833.0,256.0,1174.95
7867.0,256.0,1180.05
7900.0,256.0,1185.0
7933.0,256.0,1189.95
7967.0,256.0,1195.05
8000.0,256.0,1200.0
8033.0,256.0,1204.95
8067.0,256.0,1210.05
8100.0,256.0,1215.0
8133.0,256.0,1219.95
8167.0,256.0,1225.05
8200.0,256.0,1230.0
8233.0,256.0,1234.95
8267.0,256.0,1240.05
8300.0,256.0,1245.0
8333.0,256.0,1249.95
8367.0,256.0,1255.05
8400.0,256.0,1260.0
8433.0,256.0,1264.95
8467.0,256.0,1270.05
8500.0,256.0,1275.0
8533.0,256.0,1279.95
8567.0,256.0,1285.05
8600.0,256.0,1290.0
8633.0,256.0,1294.95
8667.0,256.0,1300.05
8700.0,256.0,1305.0
8733.0,256.0,1309.95
8767.0,256.0,1315.05
8800.0,256.0,1320.0
8833.0,256.0,1324.95
8867.0,256.0,1330.05
8900.0,256.0,1335.0
8933.0,256.0,1339.95
8967.0,256.0,1345.05
9000.0,256.0,1350.0
9033.0,256.0,1354.95
9067.0,256.0,1360.05
9100.0,256.0,1365.0
9133.0,256.0,1369.95
9167.0,256.0,1375.05
9200.0,256.0,1380.0
9233.0,256.0,1384.95
9267.0,256.0,1390.05
9300.0,256.0,1395.0
9333.0,256.0,1399.95
9367.0,256.0,1405.05
9400.0,256.0,1410.0
9433.0,256.0,1414.95
9467.0,256.0,1420.05
9500.0,256.0,1425.0
9533.0,256.0,1429.95
9567.0,256.0,1435.05
9600.0,256.0,1440.0
9633.0,256.0,1444.95
9667.0,256.0,1450.05
9700.0,256.0,1455.0
9733.0,256.0,1459.95
9767.0,256.0,1465.05
9800.0,256.0,1470.0
9833.0,256.0,1474.95
9867.0,256.0,1480.05
9900.0,354.0,1485.0
9933.0,355.0,1489.95
9967.0,356.0,1495.05
10000.0,357.0,1500.0
10033.0,358.0,1504.95
10067.0,360.0,1510.05
10100.0,361.0,1515.0
10133.0,362.0,1519.95
10167.0,363.0,1525.05
10200.0,364.0,1530.0
10233.0,365.0,1534.95
10267.0,367.0,1540.05
10300.0,368.0,1545.0
10333.0,369.0,1549.95
10367.0,370.0,1555.05
10400.0,371.0,1560.0
10433.0,373.0,1564.95
10467.0,374.0,1570.05
10500.0,375.0,1575.0
10533.0,376.0,1579.95
10567.0,377.0,1585.05
10600.0,379.0,1590.0
10633.0,380.0,1594.95
10667.0,381.0,1600.05
10700.0,382.0,1605.0
10733.0,383.0,1609.95
10767.0,385.0,1615.05
10800.0,386.0,1620.0
10833.0,387.0,1624.95
10867.0,388.0,1630.05
10900.0,389.0,1635.0
10933.0,390.0,1639.95
10967.0,392.0,1645.05
11000.0,393.0,1650.0
11033.0,394.0,1654.95
11067.0,395.0,1660.05
11100.0,396.0,1665.0
11133.0,398.0,1669.95
11167.0,399.0,1675.05
11200.0,400.0,1680.0
11233.0,401.0,1684.95
11267.0,402.0,1690.05
11300.0,404.0,1695.0
11333.0,405.0,1699.95
11367.0,406.0,1705.05
11400.0,407.0,1710.0
11433.0,408.0,1714.95
11467.0,410.0,1720.05
11500.0,411.0,1725.0
11533.0,412.0,1729.95
11567.0,413.0,1735.05
11600.0,414.0,1740.0
11633.0,415.0,1744.95
11667.0,417.0,1750.05
11700.0,418.0,1755.0
11733.0,419.0,1759.95
11767.0,420.0,1765.05
11800.0,421.0,1770.0
11833.0,423.0,1774.95
11867.0,424.0,1780.05
11900.0,425.0,1785.0
11933.0,426.0,1789.95
11967.0,427.0,1795.05
12000.0,429.0,1800.0
12033.0,430.0,1804.95
12067.0,431.0,1810.05
12100.0,432.0,1815.0
12133.0,433.0,1819.95
12167.0,435.0,1825.05
12200.0,436.0,1830.0
12233.0,437.0,1834.95
12267.0,438.0,1840.05
12300.0,439.0,1845.0
12333.0,440.0,1849.95
12367.0,442.0,1855.05
12400.0,443.0,1860.0
12433.0,444.0,1864.95
12467.0,445.0,1870.05
12500.0,446.0,1875.0
12533.0,448.0,1879.95
12567.0,449.0,1885.05
12600.0,450.0,1890.0
12633.0,451.0,1894.95
12667.0,452.0,1900.05
12700.0,454.0,1905.0
12733.0,455.0,1909.95
12767.0,456.0,1915.05
12800.0,457.0,1920.0
12833.0,458.0,1924.95
12867.0,460.0,1930.05
12900.0,461.0,1935.0
12933.0,462.0,1939.95
12967.0,463.0,1945.05
13000.0,464.0,1950.0
13033.0,465.0,1954.95
13067.0,467.0,1960.05
13100.0,468.0,1965.0
13133.0,469.0,1969.95
13167.0,470.0,1975.05
13200.0,471.0,1980.0
13233.0,473.0,1984.95
13267.0,474.0,1990.05
13300.0,475.0,1995.0
13333.0,476.0,1999.95
13367.0,477.0,2005.05
13400.0,479.0,2010.0
13433.0,480.0,2014.95
13467.0,481.0,2020.05
13500.0,482.0,2025.0
13533.0,483.0,2029.95
13567.0,485.0,2035.05
13600.0,486.0,2040.0
13633.0,487.0,2044.95
13667.0,488.0,2050.05
13700.0,489.0,2055.0
13733.0,490.0,2059.95
13767.0,492.0,2065.05
13800.0,493.0,2070.0
13833.0,494.0,2074.95
13867.0,495.0,2080.05
13900.0,496.0,2085.0
13933.0,498.0,2089.95
13967.0,499.0,2095.05
14000.0,500.0,2100.0
14033.0,501.0,2104.95
14067.0,502.0,2110.05
14100.0,504.0,2115.0
14133.0,505.0,2119.95
14167.0,506.0,2125.05
14200.0,507.0,2130.0
14233.0,508.0,2134.95
14267.0,510.0,2140.05
14300.0,511.0,2145.0
14333.0,512.0,2149.95
14367.0,512.0,2155.05
14400.0,512.0,2160.0
14433.0,512.0,2164.95
14467.0,512.0,2170.05
14500.0,512.0,2175.0
14533.0,512.0,2179.95
14567.0,512.0,2185.05
14600.0,512.0,2190.0
14633.0,512.0,2194.95
14667.0,512.0,2200.05
14700.0,512.0,2205.0
14733.0,512.0,2209.95
14767.0,512.0,2215.05
14800.0,512.0,2220.0
14833.0,512.0,2224.95
14867.0,512.0,2230.05
14900.0,512.0,2235.0
14933.0,512.0,2239.95
14967.0,512.0,2245.05
15000.0,512.0,2250.0
15033.0,512.0,2254.95
15067.0,512.0,2260.05
15100.0,512.0,2265.0
15133.0,512.0,2269.95
15167.0,512.0,2275.05
15200.0,512.0,2280.0
15233.0,512.0,2284.95
15267.0,512.0,2290.05
15300.0,512.0,2295.0
15333.0,512.0,2299.95
15367.0,512.0,2305.05
15400.0,512.0,2310.0
15433.0,512.0,2314.95
15467.0,512.0,2320.05
15500.0,512.0,2325.0
15533.0,512.0,2329.95
15567.0,512.0,2335.05
15600.0,512.0,2340.0
15633.0,512.0,2344.95
15667.0,512.0,2350.05
15700.0,512.0,2355.0
15733.0,512.0,2359.95
15767.0,512.0,2365.05
15800.0,512.0,2370.0
15833.0,512.0,2374.95
15867.0,512.0,2380.05
15900.0,512.0,2385.0
15933.0,512.0,2389.95
15967.0,512.0,2395.05
16000.0,512.0,2400.0
16033.0,512.0,2404.95
16067.0,512.0,2410.05
16100.0,512.0,2415.0
16133.0,512.0,2419.95
16167.0,512.0,2425.05
16200.0,512.0,2430.0
16233.0,512.0,2434.95
16267.0,512.0,2440.05
16300.0,512.0,2445.0
16333.0,512.0,2449.95
16367.0,512.0,2455.05
16400.0,512.0,2460.0
16433.0,512.0,2464.95
16467.0,512.0,2470.05
16500.0,512.0,2475.0
16533.0,512.0,2479.95
16567.0,512.0,2485.05
16600.0,512.0,2490.0
16633.0,512.0,2494.95
16667.0,512.0,2500.05
16700.0,512.0,2505.0
16733.0,512.0,2509.95
16767.0,512.0,2515.05
16800.0,512.0,2520.0
16833.0,512.0,2524.95
16867.0,512.0,2530.05
16900.0,512.0,2535.0
16933.0,512.0,2539.95
16967.0,512.0,2545.05
17000.0,512.0,2550.0
17033.0,512.0,2554.95
17067.0,512.0,2560.05
17100.0,512.0,2565.0
17133.0,512.0,2569.95
17167.0,512.0,2575.05
17200.0,512.0,2580.0
17233.0,512.0,2584.95
17267.0,512.0,2590.05
17300.0,512.0,2595.0
17333.0,512.0,2599.95
17367.0,512.0,2605.05
17400.0,512.0,2610.0
17433.0,512.0,2614.95
17467.0,512.0,2620.05
17500.0,512.0,2625.0
17533.0,512.0,2629.95
17567.0,512.0,2635.05
17600.0,512.0,2640.0
17633.0,512.0,2644.95
17667.0,512.0,2650.05
17700.0,512.0,2655.0
17733.0,512.0,2659.95
17767.0,512.0,2665.05
17800.0,512.0,2670.0
17833.0,512.0,2674.95
17867.0,512.0,2680.05
17900.0,512.0,2685.0
17933.0,512.0,2689.95
17967.0,512.0,2695.05
18000.0,512.0,2700.0
18033.0,512.0,2704.95
18067.0,512.0,2710.05
18100.0,512.0,2715.0
18133.0,512.0,2719.95
18167.0,512.0,2725.05
18200.0,512.0,2730.0
18233.0,512.0,2734.95
18267.0,512.0,2740.05
18300.0,512.0,2745.0
18333.0,512.0,2749.95
18367.0,512.0,2755.05
18400.0,512.0,2760.0
18433.0,512.0,2764.95
18467.0,512.0,2770.05
18500.0,512.0,2775.0
18533.0,512.0,2779.95
18567.0,512.0,2785.05
18600.0,512.0,2790.0
18633.0,512.0,2794.95
18667.0,512.0,2800.05
18700.0,512.0,2805.0
18733.0,512.0,2809.95
18767.0,512.0,2815.05
18800.0,512.0,2820.0
18833.0,512.0,2824.95
18867.0,512.0,2830.05
18900.0,512.0,2835.0
18933.0,512.0,2839.95
18967.0,512.0,2845.05
19000.0,512.0,2850.0
19033.0,512.0,2854.95
19067.0,512.0,2860.05
19100.0,512.0,2865.0
19133.0,512.0,2869.95
19167.0,512.0,2875.05
19200.0,512.0,2880.0
19233.0,512.0,2884.95
19267.0,512.0,2890.05
19300.0,512.0,2895.0
19333.0,512.0,2899.95
19367.0,512.0,2905.05
19400.0,512.0,2910.0
19433.0,512.0,2914.95
19467.0,512.0,2920.05
19500.0,512.0,2925.0
19533.0,512.0,2929.95
19567.0,512.0,2935.05
19600.0,512.0,2940.0
19633.0,512.0,2944.95
19667.0,512.0,2950.05
19700.0,512.0,2955.0
19733.0,512.0,2959.95
19767.0,512.0,2965.05
19800.0,512.0,2970.0
19833.0,512.0,2974.95
19867.0,512.0,2980.05
19900.0,512.0,2985.0
19933.0,512.0,2989.95
19967.0,512.0,2995.05
20000.0,512.0,3000.0
20033.0,512.0,3004.95
20067.0,512.0,3010.05
20100.0,512.0,3015.0
20133.0,512.0,3019.95
20167.0,512.0,3025.05
20200.0,512.0,3030.0
20233.0,512.0,3034.95
20267.0,512.0,3040.05
20300.0,512.0,3045.0
20333.0,512.0,3049.95
20367.0,512.0,3055.05
20400.0,512.0,3060.0
20433.0,512.0,3064.95
20467.0,512.0,3070.05
20500.0,512.0,3075.0
20533.0,512.0,3079.95
20567.0,512.0,3085.05
20600.0,684.0,3090.0
20633.0,685.0,3094.95
20667.0,686.0,3100.05
20700.0,687.0,3105.0
20733.0,688.0,3109.95
20767.0,689.0,3115.05
20800.0,690.0,3120.0
20833.0,691.0,3124.95
20867.0,692.0,3130.05
20900.0,694.0,3135.0
20933.0,695.0,3139.95
20967.0,696.0,3145.05
21000.0,697.0,3150.0
21033.0,698.0,3154.95
21067.0,699.0,3160.05
21100.0,700.0,3165.0
21133.0,701.0,3169.95
21167.0,702.0,3175.05
21200.0,704.0,3180.0
21233.0,705.0,3184.95
21267.0,706.0,3190.05
21300.0,707.0,3195.0
21333.0,708.0,3199.95
21367.0,709.0,3205.05
21400.0,710.0,3210.0
21433.0,711.0,3214.95
21467.0,712.0,3220.05
21500.0,713.0,3225.0
21533.0,715.0,3229.95
21567.0,716.0,3235.05
21600.0,717.0,3240.0
21633.0,718.0,3244.95
21667.0,719.0,3250.05
21700.0,720.0,3255.0
21733.0,721.0,3259.95
21767.0,722.0,3265.05
21800.0,723.0,3270.0
21833.0,725.0,3274.95
21867.0,726.0,3280.05
21900.0,727.0,3285.0
21933.0,728.0,3289.95
21967.0,729.0,3295.05
22000.0,730.0,3300.0
22033.0,731.0,3304.95
22067.0,732.0,3310.05
22100.0,733.0,3315.0
22133.0,735.0,3319.95
22167.0,736.0,3325.05
22200.0,737.0,3330.0
22233.0,738.0,3334.95
22267.0,739.0,3340.05
22300.0,740.0,3345.0
22333.0,741.0,3349.95
22367.0,742.0,3355.05
22400.0,743.0,3360.0
22433.0,744.0,3364.95
22467.0,746.0,3370.05
22500.0,747.0,3375.0
22533.0,748.0,3379.95
22567.0,749.0,3385.05
22600.0,750.0,3390.0
22633.0,751.0,3394.95
22667.0,752.0,3400.05
22700.0,753.0,3405.0
22733.0,754.0,3409.95
22767.0,756.0,3415.05
22800.0,757.0,3420.0
22833.0,758.0,3424.95
22867.0,759.0,3430.05
22900.0,760.0,3435.0
22933.0,761.0,3439.95
22967.0,762.0,3445.05
23000.0,763.0,3450.0
23033.0,764.0,3454.95
23067.0,765.0,3460.05
23100.0,767.0,3465.0
23133.0,768.0,3469.95
23167.0,769.0,3475.05
23200.0,770.0,3480.0
23233.0,771.0,3484.95
23267.0,772.0,3490.05
23300.0,773.0,3495.0
23333.0,774.0,3499.95
23367.0,775.0,3505.05
23400.0,777.0,3510.0
23433.0,778.0,3514.95
23467.0,779.0,3520.05
23500.0,780.0,3525.0
23533.0,781.0,3529.95
23567.0,782.0,3535.05
23600.0,783.0,3540.0
23633.0,784.0,3544.95
23667.0,785.0,3550.05
23700.0,787.0,3555.0
23733.0,788.0,3559.95
23767.0,789.0,3565.05
23800.0,790.0,3570.0
23833.0,791.0,3574.95
23867.0,792.0,3580.05
23900.0,793.0,3585.0
23933.0,794.0,3589.95
23967.0,795.0,3595.05
24000.0,796.0,3600.0
24033.0,798.0,3604.95
24067.0,799.0,3610.05
24100.0,800.0,3615.0
24133.0,801.0,3619.95
24167.0,802.0,3625.05
24200.0,803.0,3630.0
24233.0,804.0,3634.95
24267.0,805.0,3640.05
24300.0,806.0,3645.0
24333.0,808.0,3649.95
24367.0,809.0,3655.05
24400.0,810.0,3660.0
24433.0,811.0,3664.95
24467.0,812.0,3670.05
24500.0,813.0,3675.0
24533.0,814.0,3679.95
24567.0,815.0,3685.05
24600.0,816.0,3690.0
24633.0,817.0,3694.95
24667.0,819.0,3700.05
24700.0,820.0,3705.0
24733.0,821.0,3709.95
24767.0,822.0,3715.05
24800.0,823.0,3720.0
24833.0,824.0,3724.95
24867.0,825.0,3730.05
24900.0,826.0,3735.0
24933.0,827.0,3739.95
24967.0,829.0,3745.05
25000.0,830.0,3750.0
25033.0,831.0,3754.95
25067.0,832.0,3760.05
25100.0,833.0,3765.0
25133.0,834.0,3769.95
25167.0,835.0,3775.05
25200.0,836.0,3780.0
25233.0,837.0,3784.95
25267.0,839.0,3790.05
25300.0,840.0,3795.0
25333.0,841.0,3799.95
25367.0,842.0,3805.05
25400.0,843.0,3810.0
25433.0,844.0,3814.95
25467.0,845.0,3820.05
25500.0,846.0,3825.0
25533.0,847.0,3829.95
25567.0,848.0,3835.05
25600.0,850.0,3840.0
25633.0,851.0,3844.95
25667.0,852.0,3850.05
25700.0,853.0,3855.0
25733.0,854.0,3859.95
25767.0,855.0,3865.05
25800.0,856.0,3870.0
25833.0,857.0,3874.95
25867.0,858.0,3880.05
25900.0,860.0,3885.0
25933.0,861.0,3889.95
25967.0,862.0,3895.05
26000.0,863.0,3900.0
26033.0,864.0,3904.95
26067.0,865.0,3910.05
26100.0,866.0,3915.0
26133.0,867.0,3919.95
26167.0,868.0,3925.05
26200.0,869.0,3930.0
26233.0,871.0,3934.95
26267.0,872.0,3940.05
26300.0,873.0,3945.0
26333.0,874.0,3949.95
26367.0,875.0,3955.05
26400.0,876.0,3960.0
26433.0,877.0,3964.95
26467.0,878.0,3970.05
26500.0,879.0,3975.0
26533.0,881.0,3979.95
26567.0,882.0,3985.05
26600.0,883.0,3990.0
26633.0,884.0,3994.95
26667.0,885.0,4000.05
26700.0,886.0,4005.0
26733.0,887.0,4009.95
26767.0,888.0,4015.05
26800.0,889.0,4020.0
26833.0,890.0,4024.95
26867.0,892.0,4030.05
26900.0,893.0,4035.0
26933.0,894.0,4039.95
26967.0,895.0,4045.05
27000.0,896.0,4050.0
27033.0,897.0,4054.95
27067.0,898.0,4060.05
27100.0,899.0,4065.0
27133.0,900.0,4069.95
27167.0,902.0,4075.05
27200.0,903.0,4080.0
27233.0,904.0,4084.95
27267.0,905.0,4090.05
27300.0,906.0,4095.0
27333.0,907.0,4099.95
27367.0,908.0,4105.05
27400.0,909.0,4110.0
27433.0,910.0,4114.95
27467.0,912.0,4120.05
27500.0,913.0,4125.0
27533.0,914.0,4129.95
27567.0,915.0,4135.05
27600.0,916.0,4140.0
27633.0,917.0,4144.95
27667.0,918.0,4150.05
27700.0,919.0,4155.0
27733.0,920.0,4159.95
27767.0,921.0,4165.05
27800.0,923.0,4170.0
27833.0,924.0,4174.95
27867.0,925.0,4180.05
27900.0,926.0,4185.0
27933.0,927.0,4189.95
27967.0,928.0,4195.05
28000.0,929.0,4200.0
28033.0,930.0,4204.95
28067.0,931.0,4210.05
28100.0,933.0,4215.0
28133.0,934.0,4219.95
28167.0,935.0,4225.05
28200.0,936.0,4230.0
28233.0,937.0,4234.95
28267.0,938.0,4240.05
28300.0,939.0,4245.0
28333.0,940.0,4249.95
28367.0,941.0,4255.05
28400.0,942.0,4260.0
28433.0,944.0,4264.95
28467.0,945.0,4270.05
28500.0,946.0,4275.0
28533.0,947.0,4279.95
28567.0,948.0,4285.05
28600.0,949.0,4290.0
28633.0,950.0,4294.95
28667.0,951.0,4300.05
28700.0,952.0,4305.0
28733.0,954.0,4309.95
28767.0,955.0,4315.05
28800.0,956.0,4320.0
28833.0,957.0,4324.95
28867.0,958.0,4330.05
28900.0,959.0,4335.0
28933.0,960.0,4339.95
28967.0,961.0,4345.05
29000.0,962.0,4350.0
29033.0,963.0,4354.95
29067.0,965.0,4360.05
29100.0,966.0,4365.0
29133.0,967.0,4369.95
29167.0,968.0,4375.05
29200.0,969.0,4380.0
29233.0,970.0,4384.95
29267.0,971.0,4390.05
29300.0,972.0,4395.0
29333.0,973.0,4399.95
29367.0,975.0,4405.05
29400.0,976.0,4410.0
29433.0,977.0,4414.95
29467.0,978.0,4420.05
29500.0,979.0,4425.0
29533.0,980.0,4429.95
29567.0,981.0,4435.05
29600.0,982.0,4440.0
29633.0,983.0,4444.95
29667.0,985.0,4450.05
29700.0,986.0,4455.0
29733.0,987.0,4459.95
29767.0,988.0,4465.05
29800.0,989.0,4470.0
29833.0,990.0,4474.95
29867.0,991.0,4480.05
29900.0,992.0,4485.0
29933.0,993.0,4489.95
29967.0,994.0,4495.05
30000.0,996.0,4500.0
30033.0,997.0,4504.95
30067.0,998.0,4510.05
30100.0,999.0,4515.0
30133.0,1000.0,4519.95
30167.0,1001.0,4525.05
30200.0,1002.0,4530.0
30233.0,1003.0,4534.95
30267.0,1004.0,4540.05
30300.0,1006.0,4545.0
30333.0,1007.0,4549.95
30367.0,1008.0,4555.05
30400.0,1009.0,4560.0
30433.0,1010.0,4564.95
30467.0,1011.0,4570.05
30500.0,1012.0,4575.0
30533.0,1013.0,4579.95
30567.0,1014.0,4585.05
30600.0,1015.0,4590.0
30633.0,1017.0,4594.95
30667.0,1018.0,4600.05
30700.0,1019.0,4605.0
30733.0,1020.0,4609.95
30767.0,1021.0,4615.05
30800.0,1022.0,4620.0
30833.0,1023.0,4624.95
30867.0,1024.0,4630.05
30900.0,1024.0,4635.0
30933.0,1024.0,4639.95
30967.0,1024.0,4645.05
31000.0,1024.0,4650.0
31033.0,1024.0,4654.95
31067.0,1024.0,4660.05
31100.0,1024.0,4665.0
31133.0,1024.0,4669.95
31167.0,1024.0,4675.05
31200.0,1024.0,4680.0
31233.0,1024.0,4684.95
31267.0,1024.0,4690.05
31300.0,1024.0,4695.0
31333.0,1024.0,4699.95
31367.0,1024.0,4705.05
31400.0,1024.0,4710.0
31433.0,1024.0,4714.95
31467.0,1024.0,4720.05
31500.0,1024.0,4725.0
31533.0,1024.0,4729.95
31567.0,1024.0,4735.05
31600.0,1024.0,4740.0
31633.0,1024.0,4744.95
31667.0,1024.0,4750.05
31700.0,1024.0,4755.0
31733.0,1024.0,4759.95
31767.0,1024.0,4765.05
31800.0,1024.0,4770.0
31833.0,1024.0,4774.95
31867.0,1024.0,4780.05
31900.0,1024.0,4785.0
31933.0,1024.0,4789.95
31967.0,1024.0,4795.05
32000.0,1024.0,4800.0
32033.0,1024.0,4804.95
32067.0,1024.0,4810.05
32100.0,1024.0,4815.0
32133.0,1024.0,4819.95
32167.0,1024.0,4825.05
32200.0,1024.0,4830.0
32233.0,1024.0,4834.95
32267.0,1024.0,4840.05
32300.0,1024.0,4845.0
32333.0,1024.0,4849.95
32367.0,1024.0,4855.05
32400.0,1024.0,4860.0
32433.0,1024.0,4864.95
32467.0,1024.0,4870.05
32500.0,1024.0,4875.0
32533.0,1024.0,4879.95
32567.0,1024.0,4885.05
32600.0,1024.0,4890.0
32633.0,1024.0,4894.95
32667.0,1024.0,4900.05
32700.0,1024.0,4905.0
32733.0,1024.0,4909.95
32767.0,1024.0,4915.05
32800.0,1024.0,4920.0
32833.0,1024.0,4924.95
32867.0,1024.0,4930.05
32900.0,1024.0,4935.0
32933.0,1024.0,4939.95
32967.0,1024.0,4945.05
33000.0,1024.0,4950.0
33033.0,1024.0,4954.95
33067.0,1024.0,4960.05
33100.0,1024.0,4965.0
33133.0,1024.0,4969.95
33167.0,1024.0,4975.05
33200.0,1024.0,4980.0
33233.0,1024.0,4984.95
33267.0,1024.0,4990.05
33300.0,1024.0,4995.0
33333.0,1024.0,4999.95
33367.0,1024.0,5005.05
33400.0,1024.0,5010.0
33433.0,1024.0,5014.95
33467.0,1024.0,5020.05
33500.0,1024.0,5025.0
33533.0,1024.0,5029.95
33567.0,1024.0,5035.05
33600.0,1024.0,5040.0
33633.0,1024.0,5044.95
33667.0,1024.0,5050.05
33700.0,1024.0,5055.0
33733.0,1024.0,5059.95
33767.0,1024.0,5065.05
33800.0,1024.0,5070.0
33833.0,1024.0,5074.95
33867.0,1024.0,5080.05
33900.0,1024.0,5085.0
33933.0,1024.0,5089.95
33967.0,1024.0,5095.05
34000.0,1024.0,5100.0
34033.0,1024.0,5104.95
34067.0,1024.0,5110.05
34100.0,1024.0,5115.0
34133.0,1024.0,5119.95
34167.0,1024.0,5125.05
34200.0,1024.0,5130.0
34233.0,1024.0,5134.95
34267.0,1024.0,5140.05
34300.0,1024.0,5145.0
34333.0,1024.0,5149.95
34367.0,1024.0,5155.05
34400.0,1024.0,5160.0
34433.0,1024.0,5164.95
34467.0,1024.0,5170.05
34500.0,1024.0,5175.0
34533.0,1024.0,5179.95
34567.0,1024.0,5185.05
34600.0,1024.0,5190.0
34633.0,1024.0,5194.95
34667.0,1024.0,5200.05
34700.0,1024.0,5205.0
34733.0,1024.0,5209.95
34767.0,1024.0,5215.05
34800.0,1024.0,5220.0
34833.0,1024.0,5224.95
34867.0,1024.0,5230.05
34900.0,1024.0,5235.0
34933.0,1024.0,5239.95
34967.0,1024.0,5245.05
35000.0,1024.0,5250.0
35033.0,1024.0,5254.95
35067.0,1024.0,5260.05
35100.0,1024.0,5265.0
35133.0,1024.0,5269.95
35167.0,1024.0,5275.05
35200.0,1024.0,5280.0
35233.0,1024.0,5284.95
35267.0,1024.0,5290.05
35300.0,1024.0,5295.0
35333.0,1024.0,5299.95
35367.0,1024.0,5305.05
35400.0,1024.0,5310.0
35433.0,1024.0,5314.95
35467.0,1024.0,5320.05
35500.0,1024.0,5325.0
35533.0,1024.0,5329.95
35567.0,1024.0,5335.05
35600.0,1024.0,5340.0
35633.0,1024.0,5344.95
35667.0,1024.0,5350.05
35700.0,1024.0,5355.0
35733.0,1024.0,5359.95
35767.0,1024.0,5365.05
35800.0,1024.0,5370.0
35833.0,1024.0,5374.95
35867.0,1024.0,5380.05
35900.0,1024.0,5385.0
35933.0,1024.0,5389.95
35967.0,1024.0,5395.05
36000.0,1024.0,5400.0
36033.0,1024.0,5404.95
36067.0,1024.0,5410.05
36100.0,1024.0,5415.0
36133.0,1024.0,5419.95
36167.0,1024.0,5425.05
36200.0,1024.0,5430.0
36233.0,1024.0,5434.95
36267.0,1024.0,5440.05
36300.0,1024.0,5445.0
36333.0,1024.0,5449.95
36367.0,1024.0,5455.05
36400.0,1024.0,5460.0
36433.0,1024.0,5464.95
36467.0,1024.0,5470.05
36500.0,1024.0,5475.0
36533.0,1024.0,5479.95
36567.0,1024.0,5485.05
36600.0,1024.0,5490.0
36633.0,1024.0,5494.95
36667.0,1024.0,5500.05
36700.0,1024.0,5505.0
36733.0,1024.0,5509.95
36767.0,1024.0,5515.05
36800.0,1024.0,5520.0
36833.0,1024.0,5524.95
36867.0,1024.0,5530.05
36900.0,1024.0,5535.0
36933.0,1024.0,5539.95
36967.0,1024.0,5545.05
37000.0,1024.0,5550.0
37033.0,1024.0,5554.95
37067.0,1024.0,5560.05
37100.0,1024.0,5565.0
37133.0,1024.0,5569.95
37167.0,1024.0,5575.05
37200.0,1024.0,5580.0
37233.0,1024.0,5584.95
37267.0,1024.0,5590.05
37300.0,1024.0,5595.0
37333.0,1024.0,5599.95
37367.0,1024.0,5605.05
37400.0,1024.0,5610.0
37433.0,1024.0,5614.95
37467.0,1024.0,5620.05
37500.0,1024.0,5625.0
37533.0,1024.0,5629.95
37567.0,1024.0,5635.05
37600.0,1024.0,5640.0
37633.0,1024.0,5644.95
37667.0,1024.0,5650.05
37700.0,1024.0,5655.0
37733.0,1024.0,5659.95
37767.0,1024.0,5665.05
37800.0,1024.0,5670.0
37833.0,1024.0,5674.95
37867.0,1024.0,5680.05
37900.0,1024.0,5685.0
37933.0,1024.0,5689.95
37967.0,1024.0,5695.05
38000.0,1024.0,5700.0
38033.0,1024.0,5704.95
38067.0,1024.0,5710.05
38100.0,1024.0,5715.0
38133.0,1024.0,5719.95
38167.0,1024.0,5725.05
38200.0,1024.0,5730.0
38233.0,1024.0,5734.95
38267.0,1024.0,5740.05
38300.0,1024.0,5745.0
38333.0,1024.0,5749.95
38367.0,1024.0,5755.05
38400.0,1024.0,5760.0
38433.0,1024.0,5764.95
38467.0,1024.0,5770.05
38500.0,1024.0,5775.0
38533.0,1024.0,5779.95
38567.0,1024.0,5785.05
38600.0,1024.0,5790.0
38633.0,1024.0,5794.95
38667.0,1024.0,5800.05
38700.0,1024.0,5805.0
38733.0,1024.0,5809.95
38767.0,1024.0,5815.05
38800.0,1024.0,5820.0
38833.0,1024.0,5824.95
38867.0,1024.0,5830.05
38900.0,1024.0,5835.0
38933.0,1024.0,5839.95
38967.0,1024.0,5845.05
39000.0,1024.0,5850.0
39033.0,1024.0,5854.95
39067.0,1024.0,5860.05
39100.0,1024.0,5865.0
39133.0,1024.0,5869.95
39167.0,1024.0,5875.05
39200.0,1024.0,5880.0
39233.0,1024.0,5884.95
39267.0,1024.0,5890.05
39300.0,1024.0,5895.0
39333.0,1024.0,5899.95
39367.0,1024.0,5905.05
39400.0,1024.0,5910.0
39433.0,1024.0,5914.95
39467.0,1024.0,5920.05
39500.0,1024.0,5925.0
39533.0,1024.0,5929.95
39567.0,1024.0,5935.05
39600.0,1024.0,5940.0
39633.0,1024.0,5944.95
39667.0,1024.0,5950.05
39700.0,1024.0,5955.0
39733.0,1024.0,5959.95
39767.0,1024.0,5965.05
39800.0,1024.0,5970.0
39833.0,1024.0,5974.95
39867.0,1024.0,5980.05
39900.0,1024.0,5985.0
39933.0,1024.0,5989.95
39967.0,1024.0,5995.05
40000.0,1024.0,6000.0
40033.0,1024.0,6004.95
40067.0,1024.0,6010.05
40100.0,1024.0,6015.0
40133.0,1024.0,6019.95
40167.0,1024.0,6025.05
40200.0,1024.0,6030.0
40233.0,1024.0,6034.95
40267.0,1024.0,6040.05
40300.0,1024.0,6045.0
40333.0,1024.0,6049.95
40367.0,1024.0,6055.05
40400.0,1024.0,6060.0
40433.0,1024.0,6064.95
40467.0,1024.0,6070.05
40500.0,1024.0,6075.0
40533.0,1024.0,6079.95
40567.0,1024.0,6085.05
40600.0,1024.0,6090.0
40633.0,1024.0,6094.95
40667.0,1024.0,6100.05
40700.0,1024.0,6105.0
40733.0,1024.0,6109.95
40767.0,1024.0,6115.05
40800.0,1024.0,6120.0
40833.0,1024.0,6124.95
40867.0,1024.0,6130.05
40900.0,1024.0,6135.0
40933.0,1024.0,6139.95
40967.0,1024.0,6145.05
41000.0,1024.0,6150.0
41033.0,1024.0,6154.95
41067.0,1024.0,6160.05
41100.0,1024.0,6165.0
41133.0,1024.0,6169.95
41167.0,1024.0,6175.05
41200.0,1024.0,6180.0
41233.0,1024.0,6184.95
41267.0,1024.0,6190.05
41300.0,1024.0,6195.0
41333.0,1024.0,6199.95
41367.0,1024.0,6205.05
41400.0,1024.0,6210.0
41433.0,1024.0,6214.95
41467.0,1024.0,6220.05
41500.0,1024.0,6225.0
41533.0,1024.0,6229.95
41567.0,1024.0,6235.05
41600.0,1024.0,6240.0
41633.0,1024.0,6244.95
41667.0,1024.0,6250.05
41700.0,1024.0,6255.0
41733.0,1024.0,6259.95
41767.0,1024.0,6265.05
41800.0,1024.0,6270.0
41833.0,1024.0,6274.95
41867.0,1024.0,6280.05
41900.0,1024.0,6285.0
41933.0,1024.0,6289.95
41967.0,1024.0,6295.05
42000.0,1024.0,6300.0
42033.0,1024.0,6304.95
42067.0,1024.0,6310.05
42100.0,1024.0,6315.0
42133.0,1024.0,6319.95
42167.0,1024.0,6325.05
42200.0,1024.0,6330.0
42233.0,1024.0,6334.95
42267.0,1024.0,6340.05
42300.0,1024.0,6345.0
42333.0,1024.0,6349.95
42367.0,1024.0,6355.05
42400.0,1024.0,6360.0
42433.0,1024.0,6364.95
42467.0,1024.0,6370.05
42500.0,1024.0,6375.0
42533.0,1318.0,6379.95
42567.0,1319.0,6385.05
42600.0,1320.0,6390.0
42633.0,1321.0,6394.95
42667.0,1322.0,6400.05
42700.0,1323.0,6405.0
42733.0,1324.0,6409.95
42767.0,1325.0,6415.05
42800.0,1326.0,6420.0
42833.0,1327.0,6424.95
42867.0,1329.0,6430.05
42900.0,1330.0,6435.0
42933.0,1331.0,6439.95
42967.0,1332.0,6445.05
43000.0,1333.0,6450.0
43033.0,1334.0,6454.95
43067.0,1335.0,6460.05
43100.0,1336.0,6465.0
43133.0,1337.0,6469.95
43167.0,1338.0,6475.05
43200.0,1339.0,6480.0
43233.0,1340.0,6484.95
43267.0,1341.0,6490.05
43300.0,1342.0,6495.0
43333.0,1343.0,6499.95
43367.0,1344.0,6505.05
43400.0,1345.0,6510.0
43433.0,1346.0,6514.95
43467.0,1347.0,6520.05
43500.0,1348.0,6525.0
43533.0,1349.0,6529.95
43567.0,1350.0,6535.05
43600.0,1351.0,6540.0
43633.0,1352.0,6544.95
43667.0,1353.0,6550.05
43700.0,1354.0,6555.0
43733.0,1355.0,6559.95
43767.0,1356.0,6565.05
43800.0,1357.0,6570.0
43833.0,1358.0,6574.95
43867.0,1360.0,6580.05
43900.0,1361.0,6585.0
43933.0,1362.0,6589.95
43967.0,1363.0,6595.05
44000.0,1364.0,6600.0
44033.0,1365.0,6604.95
44067.0,1366.0,6610.05
44100.0,1367.0,6615.0
44133.0,1368.0,6619.95
44167.0,1369.0,6625.05
44200.0,1370.0,6630.0
44233.0,1371.0,6634.95
44267.0,1372.0,6640.05
44300.0,1373.0,6645.0
44333.0,1374.0,6649.95
44367.0,1375.0,6655.05
44400.0,1376.0,6660.0
44433.0,1377.0,6664.95
44467.0,1378.0,6670.05
44500.0,1379.0,6675.0
44533.0,1380.0,6679.95
44567.0,1381.0,6685.05
44600.0,1382.0,6690.0
44633.0,1383.0,6694.95
44667.0,1384.0,6700.05
44700.0,1385.0,6705.0
44733.0,1386.0,6709.95
44767.0,1387.0,6715.05
44800.0,1388.0,6720.0
44833.0,1389.0,6724.95
44867.0,1391.0,6730.05
44900.0,1392.0,6735.0
44933.0,1393.0,6739.95
44967.0,1394.0,6745.05
45000.0,1395.0,6750.0
45033.0,1396.0,6754.95
45067.0,1397.0,6760.05
45100.0,1398.0,6765.0
45133.0,1399.0,6769.95
45167.0,1400.0,6775.05
45200.0,1401.0,6780.0
45233.0,1402.0,6784.95
45267.0,1403.0,6790.05
45300.0,1404.0,6795.0
45333.0,1405.0,6799.95
45367.0,1406.0,6805.05
45400.0,1407.0,6810.0
45433.0,1408.0,6814.95
45467.0,1409.0,6820.05
45500.0,1410.0,6825.0
45533.0,1411.0,6829.95
45567.0,1412.0,6835.05
45600.0,1413.0,6840.0
45633.0,1414.0,6844.95
45667.0,1415.0,6850.05
45700.0,1416.0,6855.0
45733.0,1417.0,6859.95
45767.0,1418.0,6865.05
45800.0,1419.0,6870.0
45833.0,1420.0,6874.95
45867.0,1421.0,6880.05
45900.0,1423.0,6885.0
45933.0,1424.0,6889.95
45967.0,1425.0,6895.05
46000.0,1426.0,6900.0
46033.0,1427.0,6904.95
46067.0,1428.0,6910.05
46100.0,1429.0,6915.0
46133.0,1430.0,6919.95
46167.0,1431.0,6925.05
46200.0,1432.0,6930.0
46233.0,1433.0,6934.95
46267.0,1434.0,6940.05
46300.0,1435.0,6945.0
46333.0,1436.0,6949.95
46367.0,1437.0,6955.05
46400.0,1438.0,6960.0
46433.0,1439.0,6964.95
46467.0,1440.0,6970.05
46500.0,1441.0,6975.0
46533.0,1442.0,6979.95
46567.0,1443.0,6985.05
46600.0,1444.0,6990.0
46633.0,1445.0,6994.95
46667.0,1446.0,7000.05
46700.0,1447.0,7005.0
46733.0,1448.0,7009.95
46767.0,1449.0,7015.05
46800.0,1450.0,7020.0
46833.0,1451.0,7024.95
46867.0,1452.0,7030.05
46900.0,1454.0,7035.0
46933.0,1455.0,7039.95
46967.0,1456.0,7045.05
47000.0,1457.0,7050.0
47033.0,1458.0,7054.95
47067.0,1459.0,7060.05
47100.0,1460.0,7065.0
47133.0,1461.0,7069.95
47167.0,1462.0,7075.05
47200.0,1463.0,7080.0
47233.0,1464.0,7084.95
47267.0,1465.0,7090.05
47300.0,1466.0,7095.0
47333.0,1467.0,7099.95
47367.0,1468.0,7105.05
47400.0,1469.0,7110.0
47433.0,1470.0,7114.95
47467.0,1471.0,7120.05
47500.0,1472.0,7125.0
47533.0,1473.0,7129.95
47567.0,1474.0,7135.05
47600.0,1475.0,7140.0
47633.0,1476.0,7144.95
47667.0,1477.0,7150.05
47700.0,1478.0,7155.0
47733.0,1479.0,7159.95
47767.0,1480.0,7165.05
47800.0,1481.0,7170.0
47833.0,1482.0,7174.95
47867.0,1483.0,7180.05
47900.0,1485.0,7185.0
47933.0,1486.0,7189.95
47967.0,1487.0,7195.05
48000.0,1488.0,7200.0
48033.0,1489.0,7204.95
48067.0,1490.0,7210.05
48100.0,1491.0,7215.0
48133.0,1492.0,7219.95
48167.0,1493.0,7225.05
48200.0,1494.0,7230.0
48233.0,1495.0,7234.95
48267.0,1496.0,7240.05
48300.0,1497.0,7245.0
48333.0,1498.0,7249.95
48367.0,1499.0,7255.05
48400.0,1500.0,7260.0
48433.0,1501.0,7264.95
48467.0,1502.0,7270.05
48500.0,1503.0,7275.0
48533.0,1504.0,7279.95
48567.0,1505.0,7285.05
48600.0,1506.0,7290.0
48633.0,1507.0,7294.95
48667.0,1508.0,7300.05
48700.0,1509.0,7305.0
48733.0,1510.0,7309.95
48767.0,1511.0,7315.05
48800.0,1512.0,7320.0
48833.0,1513.0,7324.95
48867.0,1514.0,7330.05
48900.0,1515.0,7335.0
48933.0,1517.0,7339.95
48967.0,1518.0,7345.05
49000.0,1519.0,7350.0
49033.0,1520.0,7354.95
49067.0,1521.0,7360.05
49100.0,1522.0,7365.0
49133.0,1523.0,7369.95
49167.0,1524.0,7375.05
49200.0,1525.0,7380.0
49233.0,1526.0,7384.95
49267.0,1527.0,7390.05
49300.0,1528.0,7395.0
49333.0,1529.0,7399.95
49367.0,1530.0,7405.05
49400.0,1531.0,7410.0
49433.0,1532.0,7414.95
49467.0,1533.0,7420.05
49500.0,1534.0,7425.0
49533.0,1535.0,7429.95
49567.0,1536.0,7435.05
49600.0,1537.0,7440.0
49633.0,1538.0,7444.95
49667.0,1539.0,7450.05
49700.0,1540.0,7455.0
49733.0,1541.0,7459.95
49767.0,1542.0,7465.05
49800.0,1543.0,7470.0
49833.0,1544.0,7474.95
49867.0,1545.0,7480.05
49900.0,1546.0,7485.0
49933.0,1548.0,7489.95
49967.0,1549.0,7495.05
50000.0,1550.0,7500.0
50033.0,1551.0,7504.95
50067.0,1552.0,7510.05
50100.0,1553.0,7515.0
50133.0,1554.0,7519.95
50167.0,1555.0,7525.05
50200.0,1556.0,7530.0
50233.0,1557.0,7534.95
50267.0,1558.0,7540.05
50300.0,1559.0,7545.0
50333.0,1560.0,7549.95
50367.0,1561.0,7555.05
50400.0,1562.0,7560.0
50433.0,1563.0,7564.95
50467.0,1564.0,7570.05
50500.0,1565.0,7575.0
50533.0,1566.0,7579.95
50567.0,1567.0,7585.05
50600.0,1568.0,7590.0
50633.0,1569.0,7594.95
50667.0,1570.0,7600.05
50700.0,1571.0,7605.0
50733.0,1572.0,7609.95
50767.0,1573.0,7615.05
50800.0,1574.0,7620.0
50833.0,1575.0,7624.95
50867.0,1576.0,7630.05
50900.0,1577.0,7635.0
50933.0,1579.0,7639.95
50967.0,1580.0,7645.05
51000.0,1581.0,7650.0
51033.0,1582.0,7654.95
51067.0,1583.0,7660.05
51100.0,1584.0,7665.0
51133.0,1585.0,7669.95
51167.0,1586.0,7675.05
51200.0,1587.0,7680.0
51233.0,1588.0,7684.95
51267.0,1589.0,7690.05
51300.0,1590.0,7695.0
51333.0,1591.0,7699.95
51367.0,1592.0,7705.05
51400.0,1593.0,7710.0
51433.0,1594.0,7714.95
51467.0,1595.0,7720.05
51500.0,1596.0,7725.0
51533.0,1597.0,7729.95
51567.0,1598.0,7735.05
51600.0,1599.0,7740.0
51633.0,1600.0,7744.95
51667.0,1601.0,7750.05
51700.0,1602.0,7755.0
51733.0,1603.0,7759.95
51767.0,1604.0,7765.05
51800.0,1605.0,7770.0
51833.0,1606.0,7774.95
51867.0,1607.0,7780.05
51900.0,1608.0,7785.0
51933.0,1609.0,7789.95
51967.0,1611.0,7795.05
52000.0,1612.0,7800.0
52033.0,1613.0,7804.95
52067.0,1614.0,7810.05
52100.0,1615.0,7815.0
52133.0,1616.0,7819.95
52167.0,1617.0,7825.05
52200.0,1618.0,7830.0
52233.0,1619.0,7834.95
52267.0,1620.0,7840.05
52300.0,1621.0,7845.0
52333.0,1622.0,7849.95
52367.0,1623.0,7855.05
52400.0,1624.0,7860.0
52433.0,1625.0,7864.95
52467.0,1626.0,7870.05
52500.0,1627.0,7875.0
52533.0,1628.0,7879.95
52567.0,1629.0,7885.05
52600.0,1630.0,7890.0
52633.0,1631.0,7894.95
52667.0,1632.0,7900.05
52700.0,1633.0,7905.0
52733.0,1634.0,7909.95
52767.0,1635.0,7915.05
52800.0,1636.0,7920.0
52833.0,1637.0,7924.95
52867.0,1638.0,7930.05
52900.0,1639.0,7935.0
52933.0,1640.0,7939.95
52967.0,1642.0,7945.05
53000.0,1643.0,7950.0
53033.0,1644.0,7954.95
53067.0,1645.0,7960.05
53100.0,1646.0,7965.0
53133.0,1647.0,7969.95
53167.0,1648.0,7975.05
53200.0,1649.0,7980.0
53233.0,1650.0,7984.95
53267.0,1651.0,7990.05
53300.0,1652.0,7995.0
53333.0,1653.0,7999.95
53367.0,1654.0,8005.05
53400.0,1655.0,8010.0
53433.0,1656.0,8014.95
53467.0,1657.0,8020.05
53500.0,1658.0,8025.0
53533.0,1659.0,8029.95
53567.0,1660.0,8035.05
53600.0,1661.0,8040.0
53633.0,1662.0,8044.95
53667.0,1663.0,8050.05
53700.0,1664.0,8055.0
53733.0,1665.0,8059.95
53767.0,1666.0,8065.05
53800.0,1667.0,8070.0
53833.0,1668.0,8074.95
53867.0,1669.0,8080.05
53900.0,1670.0,8085.0
53933.0,1671.0,8089.95
53967.0,1673.0,8095.05
54000.0,1674.0,8100.0
54033.0,1675.0,8104.95
54067.0,1676.0,8110.05
54100.0,1677.0,8115.0
54133.0,1678.0,8119.95
54167.0,1679.0,8125.05
54200.0,1680.0,8130.0
54233.0,1681.0,8134.95
54267.0,1682.0,8140.05
54300.0,1683.0,8145.0
54333.0,1684.0,8149.95
54367.0,1685.0,8155.05
54400.0,1686.0,8160.0
54433.0,1687.0,8164.95
54467.0,1688.0,8170.05
54500.0,1689.0,8175.0
54533.0,1690.0,8179.95
54567.0,1691.0,8185.05
54600.0,1692.0,8190.0
54633.0,1693.0,8194.95
54667.0,1694.0,8200.05
54700.0,1695.0,8205.0
54733.0,1696.0,8209.95
54767.0,1697.0,8215.05
54800.0,1698.0,8220.0
54833.0,1699.0,8224.95
54867.0,1700.0,8230.05
54900.0,1701.0,8235.0
54933.0,1702.0,8239.95
54967.0,1704.0,8245.05
55000.0,1705.0,8250.0
55033.0,1706.0,8254.95
55067.0,1707.0,8260.05
55100.0,1708.0,8265.0
55133.0,1709.0,8269.95
55167.0,1710.0,8275.05
55200.0,1711.0,8280.0
55233.0,1712.0,8284.95
55267.0,1713.0,8290.05
55300.0,1714.0,8295.0
55333.0,1715.0,8299.95
55367.0,1716.0,8305.05
55400.0,1717.0,8310.0
55433.0,1718.0,8314.95
55467.0,1719.0,8320.05
55500.0,1720.0,8325.0
55533.0,1721.0,8329.95
55567.0,1722.0,8335.05
55600.0,1723.0,8340.0
55633.0,1724.0,8344.95
55667.0,1725.0,8350.05
55700.0,1726.0,8355.0
55733.0,1727.0,8359.95
55767.0,1728.0,8365.05
55800.0,1729.0,8370.0
55833.0,1730.0,8374.95
55867.0,1731.0,8380.05
55900.0,1732.0,8385.0
55933.0,1733.0,8389.95
55967.0,1735.0,8395.05
56000.0,1736.0,8400.0
56033.0,1737.0,8404.95
56067.0,1738.0,8410.05
56100.0,1739.0,8415.0
56133.0,1740.0,8419.95
56167.0,1741.0,8425.05
56200.0,1742.0,8430.0
56233.0,1743.0,8434.95
56267.0,1744.0,8440.05
56300.0,1745.0,8445.0
56333.0,1746.0,8449.95
56367.0,1747.0,8455.05
56400.0,1748.0,8460.0
56433.0,1749.0,8464.95
56467.0,1750.0,8470.05
56500.0,1751.0,8475.0
56533.0,1752.0,8479.95
56567.0,1753.0,8485.05
56600.0,1754.0,8490.0
56633.0,1755.0,8494.95
56667.0,1756.0,8500.05
56700.0,1757.0,8505.0
56733.0,1758.0,8509.95
56767.0,1759.0,8515.05
56800.0,1760.0,8520.0
56833.0,1761.0,8524.95
56867.0,1762.0,8530.05
56900.0,1763.0,8535.0
56933.0,1764.0,8539.95
56967.0,1766.0,8545.05
57000.0,1767.0,8550.0
57033.0,1768.0,8554.95
57067.0,1769.0,8560.05
57100.0,1770.0,8565.0
57133.0,1771.0,8569.95
57167.0,1772.0,8575.05
57200.0,1773.0,8580.0
57233.0,1774.0,8584.95
57267.0,1775.0,8590.05
57300.0,1776.0,8595.0
57333.0,1777.0,8599.95
57367.0,1778.0,8605.05
57400.0,1779.0,8610.0
57433.0,1780.0,8614.95
57467.0,1781.0,8620.05
57500.0,1782.0,8625.0
57533.0,1783.0,8629.95
57567.0,1784.0,8635.05
57600.0,1785.0,8640.0
57633.0,1786.0,8644.95
57667.0,1787.0,8650.05
57700.0,1788.0,8655.0
57733.0,1789.0,8659.95
57767.0,1790.0,8665.05
57800.0,1791.0,8670.0
57833.0,1792.0,8674.95
57867.0,1793.0,8680.05
57900.0,1794.0,8685.0
57933.0,1795.0,8689.95
57967.0,1796.0,8695.05
58000.0,1798.0,8700.0
58033.0,1799.0,8704.95
58067.0,1800.0,8710.05
58100.0,1801.0,8715.0
58133.0,1802.0,8719.95
58167.0,1803.0,8725.05
58200.0,1804.0,8730.0
58233.0,1805.0,8734.95
58267.0,1806.0,8740.05
58300.0,1807.0,8745.0
58333.0,1808.0,8749.95
58367.0,1809.0,8755.05
58400.0,1810.0,8760.0
58433.0,1811.0,8764.95
58467.0,1812.0,8770.05
58500.0,1813.0,8775.0
58533.0,1814.0,8779.95
58567.0,1815.0,8785.05
58600.0,1816.0,8790.0
58633.0,1817.0,8794.95
58667.0,1818.0,8800.05
58700.0,1819.0,8805.0
58733.0,1820.0,8809.95
58767.0,1821.0,8815.05
58800.0,1822.0,8820.0
58833.0,1823.0,8824.95
58867.0,1824.0,8830.05
58900.0,1825.0,8835.0
58933.0,1826.0,8839.95
58967.0,1827.0,8845.05
59000.0,1829.0,8850.0
59033.0,1830.0,8854.95
59067.0,1831.0,8860.05
59100.0,1832.0,8865.0
59133.0,1833.0,8869.95
59167.0,1834.0,8875.05
59200.0,1835.0,8880.0
59233.0,1836.0,8884.95
59267.0,1837.0,8890.05
59300.0,1838.0,8895.0
59333.0,1839.0,8899.95
59367.0,1840.0,8905.05
59400.0,1841.0,8910.0
59433.0,1842.0,8914.95
59467.0,1843.0,8920.05
59500.0,1844.0,8925.0
59533.0,1845.0,8929.95
59567.0,1846.0,8935.05
59600.0,1847.0,8940.0
59633.0,1848.0,8944.95
59667.0,1849.0,8950.05
59700.0,1850.0,8955.0
59733.0,1851.0,8959.95
59767.0,1852.0,8965.05
59800.0,1853.0,8970.0
59833.0,1854.0,8974.95
59867.0,1855.0,8980.05
59900.0,1856.0,8985.0
59933.0,1857.0,8989.95
59967.0,1858.0,8995.05
60000.0,1860.0,9000.0
60033.0,1861.0,9004.95
60067.0,1862.0,9010.05
60100.0,1863.0,9015.0
60133.0,1864.0,9019.95
60167.0,1865.0,9025.05
60200.0,1866.0,9030.0
60233.0,1867.0,9034.95
60267.0,1868.0,9040.05
60300.0,1869.0,9045.0
60333.0,1870.0,9049.95
60367.0,1871.0,9055.05
60400.0,1872.0,9060.0
60433.0,1873.0,9064.95
60467.0,1874.0,9070.05
60500.0,1875.0,9075.0
60533.0,1876.0,9079.95
60567.0,1877.0,9085.05
60600.0,1878.0,9090.0
60633.0,1879.0,9094.95
60667.0,1880.0,9100.05
60700.0,1881.0,9105.0
60733.0,1882.0,9109.95
60767.0,1883.0,9115.05
60800.0,1884.0,9120.0
60833.0,1885.0,9124.95
60867.0,1886.0,9130.05
60900.0,1887.0,9135.0
60933.0,1888.0,9139.95
60967.0,1889.0,9145.05
61000.0,1890.0,9150.0
61033.0,1892.0,9154.95
61067.0,1893.0,9160.05
61100.0,1894.0,9165.0
61133.0,1895.0,9169.95
61167.0,1896.0,9175.05
61200.0,1897.0,9180.0
61233.0,1898.0,9184.95
61267.0,1899.0,9190.05
61300.0,1900.0,9195.0
61333.0,1901.0,9199.95
61367.0,1902.0,9205.05
61400.0,1903.0,9210.0
61433.0,1904.0,9214.95
61467.0,1905.0,9220.05
61500.0,1906.0,9225.0
61533.0,1907.0,9229.95
61567.0,1908.0,9235.05
61600.0,1909.0,9240.0
61633.0,1910.0,9244.95
61667.0,1911.0,9250.05
61700.0,1912.0,9255.0
61733.0,1913.0,9259.95
61767.0,1914.0,9265.05
61800.0,1915.0,9270.0
61833.0,1916.0,9274.95
61867.0,1917.0,9280.05
61900.0,1918.0,9285.0
61933.0,1919.0,9289.95
61967.0,1920.0,9295.05
62000.0,1921.0,9300.0
62033.0,1923.0,9304.95
62067.0,1924.0,9310.05
62100.0,1925.0,9315.0
62133.0,1926.0,9319.95
62167.0,1927.0,9325.05
62200.0,1928.0,9330.0
62233.0,1929.0,9334.95
62267.0,1930.0,9340.05
62300.0,1931.0,9345.0
62333.0,1932.0,9349.95
62367.0,1933.0,9355.05
62400.0,1934.0,9360.0
62433.0,1935.0,9364.95
62467.0,1936.0,9370.05
62500.0,1937.0,9375.0
62533.0,1938.0,9379.95
62567.0,1939.0,9385.05
62600.0,1940.0,9390.0
62633.0,1941.0,9394.95
62667.0,1942.0,9400.05
62700.0,1943.0,9405.0
62733.0,1944.0,9409.95
62767.0,1945.0,9415.05
62800.0,1946.0,9420.0
62833.0,1947.0,9424.95
62867.0,1948.0,9430.05
62900.0,1949.0,9435.0
62933.0,1950.0,9439.95
62967.0,1951.0,9445.05
63000.0,1952.0,9450.0
63033.0,1954.0,9454.95
63067.0,1955.0,9460.05
63100.0,1956.0,9465.0
63133.0,1957.0,9469.95
63167.0,1958.0,9475.05
63200.0,1959.0,9480.0
63233.0,1960.0,9484.95
63267.0,1961.0,9490.05
63300.0,1962.0,9495.0
63333.0,1963.0,9499.95
63367.0,1964.0,9505.05
63400.0,1965.0,9510.0
63433.0,1966.0,9514.95
63467.0,1967.0,9520.05
63500.0,1968.0,9525.0
63533.0,1969.0,9529.95
63567.0,1970.0,9535.05
63600.0,1971.0,9540.0
63633.0,1972.0,9544.95
63667.0,1973.0,9550.05
63700.0,1974.0,9555.0
63733.0,1975.0,9559.95
63767.0,1976.0,9565.05
63800.0,1977.0,9570.0
63833.0,1978.0,9574.95
63867.0,1979.0,9580.05
63900.0,1980.0,9585.0
63933.0,1981.0,9589.95
63967.0,1982.0,9595.05
64000.0,1983.0,9600.0
64033.0,1984.0,9604.95
64067.0,1986.0,9610.05
64100.0,1987.0,9615.0
64133.0,1988.0,9619.95
64167.0,1989.0,9625.05
64200.0,1990.0,9630.0
64233.0,1991.0,9634.95
64267.0,1992.0,9640.05
64300.0,1993.0,9645.0
64333.0,1994.0,9649.95
64367.0,1995.0,9655.05
64400.0,1996.0,9660.0
64433.0,1997.0,9664.95
64467.0,1998.0,9670.05
64500.0,1999.0,9675.0
64533.0,2000.0,9679.95
64567.0,2001.0,9685.05
64600.0,2002.0,9690.0
64633.0,2003.0,9694.95
64667.0,2004.0,9700.05
64700.0,2005.0,9705.0
64733.0,2006.0,9709.95
64767.0,2007.0,9715.05
64800.0,2008.0,9720.0
64833.0,2009.0,9724.95
64867.0,2010.0,9730.05
64900.0,2011.0,9735.0
64933.0,2012.0,9739.95
64967.0,2013.0,9745.05
65000.0,2014.0,9750.0
65033.0,2015.0,9754.95
65067.0,2017.0,9760.05
65100.0,2018.0,9765.0
65133.0,2019.0,9769.95
65167.0,2020.0,9775.05
65200.0,2021.0,9780.0
65233.0,2022.0,9784.95
65267.0,2023.0,9790.05
65300.0,2024.0,9795.0
65333.0,2025.0,9799.95
65367.0,2026.0,9805.05
65400.0,2027.0,9810.0
65433.0,2028.0,9814.95
65467.0,2029.0,9820.05
65500.0,2030.0,9825.0
65533.0,2031.0,9829.95
65567.0,2032.0,9835.05
65600.0,2033.0,9840.0
65633.0,2034.0,9844.95
65667.0,2035.0,9850.05
65700.0,2036.0,9855.0
65733.0,2037.0,9859.95
65767.0,2038.0,9865.05
65800.0,2039.0,9870.0
65833.0,2040.0,9874.95
65867.0,2041.0,9880.05
65900.0,2042.0,9885.0
65933.0,2043.0,9889.95
65967.0,2044.0,9895.05
66000.0,2045.0,9900.0
66033.0,2046.0,9904.95
66067.0,2048.0,9910.05
66100.0,2048.0,9915.0
66133.0,2048.0,9919.95
66167.0,2048.0,9925.05
66200.0,2048.0,9930.0
66233.0,2048.0,9934.95
66267.0,2048.0,9940.05
66300.0,2048.0,9945.0
66333.0,2048.0,9949.95
66367.0,2048.0,9955.05
66400.0,2048.0,9960.0
66433.0,2048.0,9964.95
66467.0,2048.0,9970.05
66500.0,2048.0,9975.0
66533.0,2048.0,9979.95
66567.0,2048.0,9985.05
66600.0,2048.0,9990.0
66633.0,2048.0,9994.95
66667.0,2048.0,10000.05
66700.0,2048.0,10005.0
66733.0,2048.0,10009.95
66767.0,2048.0,10015.05
66800.0,2048.0,10020.0
66833.0,2048.0,10024.95
66867.0,2048.0,10030.05
66900.0,2048.0,10035.0
66933.0,2048.0,10039.95
66967.0,2048.0,10045.05
67000.0,2048.0,10050.0
67033.0,2048.0,10054.95
67067.0,2048.0,10060.05
67100.0,2048.0,10065.0
67133.0,2048.0,10069.95
67167.0,2048.0,10075.05
67200.0,2048.0,10080.0
67233.0,2048.0,10084.95
67267.0,2048.0,10090.05
67300.0,2048.0,10095.0
67333.0,2048.0,10099.95
67367.0,2048.0,10105.05
67400.0,2048.0,10110.0
67433.0,2048.0,10114.95
67467.0,2048.0,10120.05
67500.0,2048.0,10125.0
67533.0,2048.0,10129.95
67567.0,2048.0,10135.05
67600.0,2048.0,10140.0
67633.0,2048.0,10144.95
67667.0,2048.0,10150.05
67700.0,2048.0,10155.0
67733.0,2048.0,10159.95
67767.0,2048.0,10165.05
67800.0,2048.0,10170.0
67833.0,2048.0,10174.95
67867.0,2048.0,10180.05
67900.0,2048.0,10185.0
67933.0,2048.0,10189.95
67967.0,2048.0,10195.05
68000.0,2048.0,10200.0
68033.0,2048.0,10204.95
68067.0,2048.0,10210.05
68100.0,2048.0,10215.0
68133.0,2048.0,10219.95
68167.0,2048.0,10225.05
68200.0,2048.0,10230.0
68233.0,2048.0,10234.95
68267.0,2048.0,10240.05
68300.0,2048.0,10245.0
68333.0,2048.0,10249.95
68367.0,2048.0,10255.05
68400.0,2048.0,10260.0
68433.0,2048.0,10264.95
68467.0,2048.0,10270.05
68500.0,2048.0,10275.0
68533.0,2048.0,10279.95
68567.0,2048.0,10285.05
68600.0,2048.0,10290.0
68633.0,2048.0,10294.95
68667.0,2048.0,10300.05
68700.0,2048.0,10305.0
68733.0,2048.0,10309.95
68767.0,2048.0,10315.05
68800.0,2048.0,10320.0
68833.0,2048.0,10324.95
68867.0,2048.0,10330.05
68900.0,2048.0,10335.0
68933.0,2048.0,10339.95
68967.0,2048.0,10345.05
69000.0,2048.0,10350.0
69033.0,2048.0,10354.95
69067.0,2048.0,10360.05
69100.0,2048.0,10365.0
69133.0,2048.0,10369.95
69167.0,2048.0,10375.05
69200.0,2048.0,10380.0
69233.0,2048.0,10384.95
69267.0,2048.0,10390.05
69300.0,2048.0,10395.0
69333.0,2048.0,10399.95
69367.0,2048.0,10405.05
69400.0,2048.0,10410.0
69433.0,2048.0,10414.95
69467.0,2048.0,10420.05
69500.0,2048.0,10425.0
69533.0,2048.0,10429.95
69567.0,2048.0,10435.05
69600.0,2048.0,10440.0
69633.0,2048.0,10444.95
69667.0,2048.0,10450.05
69700.0,2048.0,10455.0
69733.0,2048.0,10459.95
69767.0,2048.0,10465.05
69800.0,2048.0,10470.0
69833.0,2048.0,10474.95
69867.0,2048.0,10480.05
69900.0,2048.0,10485.0
69933.0,2048.0,10489.95
69967.0,2048.0,10495.05
70000.0,2048.0,10500.0
70033.0,2048.0,10504.95
70067.0,2048.0,10510.05
70100.0,2048.0,10515.0
70133.0,2048.0,10519.95
70167.0,2048.0,10525.05
70200.0,2048.0,10530.0
70233.0,2048.0,10534.95
70267.0,2048.0,10540.05
70300.0,2048.0,10545.0
70333.0,2048.0,10549.95
70367.0,2048.0,10555.05
70400.0,2048.0,10560.0
70433.0,2048.0,10564.95
70467.0,2048.0,10570.05
70500.0,2048.0,10575.0
70533.0,2048.0,10579.95
70567.0,2048.0,10585.05
70600.0,2048.0,10590.0
70633.0,2048.0,10594.95
70667.0,2048.0,10600.05
70700.0,2048.0,10605.0
70733.0,2048.0,10609.95
70767.0,2048.0,10615.05
70800.0,2048.0,10620.0
70833.0,2048.0,10624.95
70867.0,2048.0,10630.05
70900.0,2048.0,10635.0
70933.0,2048.0,10639.95
70967.0,2048.0,10645.05
71000.0,2048.0,10650.0
71033.0,2048.0,10654.95
71067.0,2048.0,10660.05
71100.0,2048.0,10665.0
71133.0,2048.0,10669.95
71167.0,2048.0,10675.05
71200.0,2048.0,10680.0
71233.0,2048.0,10684.95
71267.0,2048.0,10690.05
71300.0,2048.0,10695.0
71333.0,2048.0,10699.95
71367.0,2048.0,10705.05
71400.0,2048.0,10710.0
71433.0,2048.0,10714.95
71467.0,2048.0,10720.05
71500.0,2048.0,10725.0
71533.0,2048.0,10729.95
71567.0,2048.0,10735.05
71600.0,2048.0,10740.0
71633.0,2048.0,10744.95
71667.0,2048.0,10750.05
71700.0,2048.0,10755.0
71733.0,2048.0,10759.95
71767.0,2048.0,10765.05
71800.0,2048.0,10770.0
71833.0,2048.0,10774.95
71867.0,2048.0,10780.05
71900.0,2048.0,10785.0
71933.0,2048.0,10789.95
71967.0,2048.0,10795.05
72000.0,2048.0,10800.0
72033.0,2048.0,10804.95
72067.0,2048.0,10810.05
72100.0,2048.0,10815.0
72133.0,2048.0,10819.95
72167.0,2048.0,10825.05
72200.0,2048.0,10830.0
72233.0,2048.0,10834.95
72267.0,2048.0,10840.05
72300.0,2048.0,10845.0
72333.0,2048.0,10849.95
72367.0,2048.0,10855.05
72400.0,2048.0,10860.0
72433.0,2048.0,10864.95
72467.0,2048.0,10870.05
72500.0,2048.0,10875.0
72533.0,2048.0,10879.95
72567.0,2048.0,10885.05
72600.0,2048.0,10890.0
72633.0,2048.0,10894.95
72667.0,2048.0,10900.05
72700.0,2048.0,10905.0
72733.0,2048.0,10909.95
72767.0,2048.0,10915.05
72800.0,2048.0,10920.0
72833.0,2048.0,10924.95
72867.0,2048.0,10930.05
72900.0,2048.0,10935.0
72933.0,2048.0,10939.95
72967.0,2048.0,10945.05
73000.0,2048.0,10950.0
73033.0,2048.0,10954.95
73067.0,2048.0,10960.05
73100.0,2048.0,10965.0
73133.0,2048.0,10969.95
73167.0,2048.0,10975.05
73200.0,2048.0,10980.0
73233.0,2048.0,10984.95
73267.0,2048.0,10990.05
73300.0,2048.0,10995.0
73333.0,2048.0,10999.95
73367.0,2048.0,11005.05
73400.0,2048.0,11010.0
73433.0,2048.0,11014.95
73467.0,2048.0,11020.05
73500.0,2048.0,11025.0
73533.0,2048.0,11029.95
73567.0,2048.0,11035.05
73600.0,2048.0,11040.0
73633.0,2048.0,11044.95
73667.0,2048.0,11050.05
73700.0,2048.0,11055.0
73733.0,2048.0,11059.95
73767.0,2048.0,11065.05
73800.0,2048.0,11070.0
73833.0,2048.0,11074.95
73867.0,2048.0,11080.05
73900.0,2048.0,11085.0
73933.0,2048.0,11089.95
73967.0,2048.0,11095.05
74000.0,2048.0,11100.0
74033.0,2048.0,11104.95
74067.0,2048.0,11110.05
74100.0,2048.0,11115.0
74133.0,2048.0,11119.95
74167.0,2048.0,11125.05
74200.0,2048.0,11130.0
74233.0,2048.0,11134.95
74267.0,2048.0,11140.05
74300.0,2048.0,11145.0
74333.0,2048.0,11149.95
74367.0,2048.0,11155.05
74400.0,2048.0,11160.0
74433.0,2048.0,11164.95
74467.0,2048.0,11170.05
74500.0,2048.0,11175.0
74533.0,2048.0,11179.95
74567.0,2048.0,11185.05
74600.0,2048.0,11190.0
74633.0,2048.0,11194.95
74667.0,2048.0,11200.05
74700.0,2048.0,11205.0
74733.0,2048.0,11209.95
74767.0,2048.0,11215.05
74800.0,2048.0,11220.0
74833.0,2048.0,11224.95
74867.0,2048.0,11230.05
74900.0,2048.0,11235.0
74933.0,2048.0,11239.95
74967.0,2048.0,11245.05
75000.0,2048.0,11250.0
75033.0,2048.0,11254.95
75067.0,2048.0,11260.05
75100.0,2048.0,11265.0
75133.0,2048.0,11269.95
75167.0,2048.0,11275.05
75200.0,2048.0,11280.0
75233.0,2048.0,11284.95
75267.0,2048.0,11290.05
75300.0,2048.0,11295.0
75333.0,2048.0,11299.95
75367.0,2048.0,11305.05
75400.0,2048.0,11310.0
75433.0,2048.0,11314.95
75467.0,2048.0,11320.05
75500.0,2048.0,11325.0
75533.0,2048.0,11329.95
75567.0,2048.0,11335.05
75600.0,2048.0,11340.0
75633.0,2048.0,11344.95
75667.0,2048.0,11350.05
75700.0,2048.0,11355.0
75733.0,2048.0,11359.95
75767.0,2048.0,11365.05
75800.0,2048.0,11370.0
75833.0,2048.0,11374.95
75867.0,2048.0,11380.05
75900.0,2048.0,11385.0
75933.0,2048.0,11389.95
75967.0,2048.0,11395.05
76000.0,2048.0,11400.0
76033.0,2048.0,11404.95
76067.0,2048.0,11410.05
76100.0,2048.0,11415.0
76133.0,2048.0,11419.95
76167.0,2048.0,11425.05
76200.0,2048.0,11430.0
76233.0,2048.0,11434.95
76267.0,2048.0,11440.05
76300.0,2048.0,11445.0
76333.0,2048.0,11449.95
76367.0,2048.0,11455.05
76400.0,2048.0,11460.0
76433.0,2048.0,11464.95
76467.0,2048.0,11470.05
76500.0,2048.0,11475.0
76533.0,2048.0,11479.95
76567.0,2048.0,11485.05
76600.0,2048.0,11490.0
76633.0,2048.0,11494.95
76667.0,2048.0,11500.05
76700.0,2048.0,11505.0
76733.0,2048.0,11509.95
76767.0,2048.0,11515.05
76800.0,2048.0,11520.0
76833.0,2048.0,11524.95
76867.0,2048.0,11530.05
76900.0,2048.0,11535.0
76933.0,2048.0,11539.95
76967.0,2048.0,11545.05
77000.0,2048.0,11550.0
77033.0,2048.0,11554.95
77067.0,2048.0,11560.05
77100.0,2048.0,11565.0
77133.0,2048.0,11569.95
77167.0,2048.0,11575.05
77200.0,2048.0,11580.0
77233.0,2048.0,11584.95
77267.0,2048.0,11590.05
77300.0,2048.0,11595.0
77333.0,2048.0,11599.95
77367.0,2048.0,11605.05
77400.0,2048.0,11610.0
77433.0,2048.0,11614.95
77467.0,2048.0,11620.05
77500.0,2048.0,11625.0
77533.0,2048.0,11629.95
77567.0,2048.0,11635.05
77600.0,2048.0,11640.0
77633.0,2048.0,11644.95
77667.0,2048.0,11650.05
77700.0,2048.0,11655.0
77733.0,2048.0,11659.95
77767.0,2048.0,11665.05
77800.0,2048.0,11670.0
77833.0,2048.0,11674.95
77867.0,2048.0,11680.05
77900.0,2048.0,11685.0
77933.0,2048.0,11689.95
77967.0,2048.0,11695.05
78000.0,2048.0,11700.0
78033.0,2048.0,11704.95
78067.0,2048.0,11710.05
78100.0,2048.0,11715.0
78133.0,2048.0,11719.95
78167.0,2048.0,11725.05
78200.0,2048.0,11730.0
78233.0,2048.0,11734.95
78267.0,2048.0,11740.05
78300.0,2048.0,11745.0
78333.0,2048.0,11749.95
78367.0,2048.0,11755.05
78400.0,2048.0,11760.0
78433.0,2048.0,11764.95
78467.0,2048.0,11770.05
78500.0,2048.0,11775.0
78533.0,2048.0,11779.95
78567.0,2048.0,11785.05
78600.0,2048.0,11790.0
78633.0,2048.0,11794.95
78667.0,2048.0,11800.05
78700.0,2048.0,11805.0
78733.0,2048.0,11809.95
78767.0,2048.0,11815.05
78800.0,2048.0,11820.0
78833.0,2048.0,11824.95
78867.0,2048.0,11830.05
78900.0,2048.0,11835.0
78933.0,2048.0,11839.95
78967.0,2048.0,11845.05
79000.0,2048.0,11850.0
79033.0,2048.0,11854.95
79067.0,2048.0,11860.05
79100.0,2048.0,11865.0
79133.0,2048.0,11869.95
79167.0,2048.0,11875.05
79200.0,2048.0,11880.0
79233.0,2048.0,11884.95
79267.0,2048.0,11890.05
79300.0,2048.0,11895.0
79333.0,2048.0,11899.95
79367.0,2048.0,11905.05
79400.0,2048.0,11910.0
79433.0,2048.0,11914.95
79467.0,2048.0,11920.05
79500.0,2048.0,11925.0
79533.0,2048.0,11929.95
79567.0,2048.0,11935.05
79600.0,2048.0,11940.0
79633.0,2048.0,11944.95
79667.0,2048.0,11950.05
79700.0,2048.0,11955.0
79733.0,2048.0,11959.95
79767.0,2048.0,11965.05
79800.0,2048.0,11970.0
79833.0,2048.0,11974.95
79867.0,2048.0,11980.05
79900.0,2048.0,11985.0
79933.0,2048.0,11989.95
79967.0,2048.0,11995.05
80000.0,2048.0,12000.0
80033.0,2048.0,12004.95
80067.0,2048.0,12010.05
80100.0,2048.0,12015.0
80133.0,2048.0,12019.95
80167.0,2048.0,12025.05
80200.0,2048.0,12030.0
80233.0,2048.0,12034.95
80267.0,2048.0,12040.05
80300.0,2048.0,12045.0
80333.0,2048.0,12049.95
80367.0,2048.0,12055.05
80400.0,2048.0,12060.0
80433.0,2048.0,12064.95
80467.0,2048.0,12070.05
80500.0,2048.0,12075.0
80533.0,2048.0,12079.95
80567.0,2048.0,12085.05
80600.0,2048.0,12090.0
80633.0,2048.0,12094.95
80667.0,2048.0,12100.05
80700.0,2048.0,12105.0
80733.0,2048.0,12109.95
80767.0,2048.0,12115.05
80800.0,2048.0,12120.0
80833.0,2048.0,12124.95
80867.0,2048.0,12130.05
80900.0,2048.0,12135.0
80933.0,2048.0,12139.95
80967.0,2048.0,12145.05
81000.0,2048.0,12150.0
81033.0,2048.0,12154.95
81067.0,2048.0,12160.05
81100.0,2048.0,12165.0
81133.0,2048.0,12169.95
81167.0,2048.0,12175.05
81200.0,2048.0,12180.0
81233.0,2048.0,12184.95
81267.0,2048.0,12190.05
81300.0,2048.0,12195.0
81333.0,2048.0,12199.95
81367.0,2048.0,12205.05
81400.0,2048.0,12210.0
81433.0,2048.0,12214.95
81467.0,2048.0,12220.05
81500.0,2048.0,12225.0
81533.0,2048.0,12229.95
81567.0,2048.0,12235.05
81600.0,2048.0,12240.0
81633.0,2048.0,12244.95
81667.0,2048.0,12250.05
81700.0,2048.0,12255.0
81733.0,2048.0,12259.95
81767.0,2048.0,12265.05
81800.0,2048.0,12270.0
81833.0,2048.0,12274.95
81867.0,2048.0,12280.05
81900.0,2048.0,12285.0
81933.0,2048.0,12289.95
81967.0,2048.0,12295.05
82000.0,2048.0,12300.0
82033.0,2048.0,12304.95
82067.0,2048.0,12310.05
82100.0,2048.0,12315.0
82133.0,2048.0,12319.95
82167.0,2048.0,12325.05
82200.0,2048.0,12330.0
82233.0,2048.0,12334.95
82267.0,2048.0,12340.05
82300.0,2048.0,12345.0
82333.0,2048.0,12349.95
82367.0,2048.0,12355.05
82400.0,2048.0,12360.0
82433.0,2048.0,12364.95
82467.0,2048.0,12370.05
82500.0,2048.0,12375.0
82533.0,2048.0,12379.95
82567.0,2048.0,12385.05
82600.0,2048.0,12390.0
82633.0,2048.0,12394.95
82667.0,2048.0,12400.05
82700.0,2048.0,12405.0
82733.0,2048.0,12409.95
82767.0,2048.0,12415.05
82800.0,2048.0,12420.0
82833.0,2048.0,12424.95
82867.0,2048.0,12430.05
82900.0,2048.0,12435.0
82933.0,2048.0,12439.95
82967.0,2048.0,12445.05
83000.0,2048.0,12450.0
83033.0,2048.0,12454.95
83067.0,2048.0,12460.05
83100.0,2048.0,12465.0
83133.0,2048.0,12469.95
83167.0,2048.0,12475.05
83200.0,2048.0,12480.0
83233.0,2048.0,12484.95
83267.0,2048.0,12490.05
83300.0,2048.0,12495.0
83333.0,2048.0,12499.95
83367.0,2048.0,12505.05
83400.0,2048.0,12510.0
83433.0,2048.0,12514.95
83467.0,2048.0,12520.05
83500.0,2048.0,12525.0
83533.0,2048.0,12529.95
83567.0,2048.0,12535.05
83600.0,2048.0,12540.0
83633.0,2048.0,12544.95
83667.0,2048.0,12550.05
83700.0,2048.0,12555.0
83733.0,2048.0,12559.95
83767.0,2048.0,12565.05
83800.0,2048.0,12570.0
83833.0,2048.0,12574.95
83867.0,2048.0,12580.05
83900.0,2048.0,12585.0
83933.0,2048.0,12589.95
83967.0,2048.0,12595.05
84000.0,2048.0,12600.0
84033.0,2048.0,12604.95
84067.0,2048.0,12610.05
84100.0,2048.0,12615.0
84133.0,2048.0,12619.95
84167.0,2048.0,12625.05
84200.0,2048.0,12630.0
84233.0,2048.0,12634.95
84267.0,2048.0,12640.05
84300.0,2048.0,12645.0
84333.0,2048.0,12649.95
84367.0,2048.0,12655.05
84400.0,2048.0,12660.0
84433.0,2048.0,12664.95
84467.0,2048.0,12670.05
84500.0,2048.0,12675.0
84533.0,2048.0,12679.95
84567.0,2048.0,12685.05
84600.0,2048.0,12690.0
84633.0,2048.0,12694.95
84667.0,2048.0,12700.05
84700.0,2048.0,12705.0
84733.0,2048.0,12709.95
84767.0,2048.0,12715.05
84800.0,2048.0,12720.0
84833.0,2048.0,12724.95
84867.0,2048.0,12730.05
84900.0,2048.0,12735.0
84933.0,2048.0,12739.95
84967.0,2048.0,12745.05
85000.0,2048.0,12750.0
85033.0,2048.0,12754.95
85067.0,2048.0,12760.05
85100.0,2048.0,12765.0
85133.0,2048.0,12769.95
85167.0,2048.0,12775.05
85200.0,2048.0,12780.0
85233.0,2048.0,12784.95
85267.0,2048.0,12790.05
85300.0,2048.0,12795.0
85333.0,2048.0,12799.95
85367.0,2048.0,12805.05
85400.0,2048.0,12810.0
85433.0,2048.0,12814.95
85467.0,2048.0,12820.05
85500.0,2048.0,12825.0
85533.0,2048.0,12829.95
85567.0,2048.0,12835.05
85600.0,2048.0,12840.0
85633.0,2048.0,12844.95
85667.0,2048.0,12850.05
85700.0,2048.0,12855.0
85733.0,2048.0,12859.95
85767.0,2048.0,12865.05
85800.0,2048.0,12870.0
85833.0,2048.0,12874.95
85867.0,2048.0,12880.05
85900.0,2048.0,12885.0
85933.0,2048.0,12889.95
85967.0,2048.0,12895.05
86000.0,2048.0,12900.0
86033.0,2048.0,12904.95
86067.0,2048.0,12910.05
86100.0,2048.0,12915.0
86133.0,2048.0,12919.95
86167.0,2048.0,12925.05
86200.0,2048.0,12930.0
86233.0,2048.0,12934.95
86267.0,2048.0,12940.05
86300.0,2048.0,12945.0
86333.0,2048.0,12949.95
86367.0,2048.0,12955.05
86400.0,2048.0,12960.0
86433.0,2048.0,12964.95
86467.0,2048.0,12970.05
86500.0,2048.0,12975.0
86533.0,2048.0,12979.95
86567.0,2048.0,12985.05
86600.0,2048.0,12990.0
86633.0,2048.0,12994.95
86667.0,2048.0,13000.05
86700.0,2048.0,13005.0
86733.0,2048.0,13009.95
86767.0,2048.0,13015.05
86800.0,2048.0,13020.0
86833.0,2048.0,13024.95
86867.0,2048.0,13030.05
86900.0,2048.0,13035.0
86933.0,2048.0,13039.95
86967.0,2048.0,13045.05
87000.0,2048.0,13050.0
87033.0,2048.0,13054.95
87067.0,2048.0,13060.05
87100.0,2048.0,13065.0
87133.0,2048.0,13069.95
87167.0,2048.0,13075.05
87200.0,2048.0,13080.0
87233.0,2048.0,13084.95
87267.0,2048.0,13090.05
87300.0,2048.0,13095.0
87333.0,2048.0,13099.95
87367.0,2048.0,13105.05
87400.0,2048.0,13110.0
87433.0,2048.0,13114.95
87467.0,2048.0,13120.05
87500.0,2048.0,13125.0
87533.0,2048.0,13129.95
87567.0,2048.0,13135.05
87600.0,2048.0,13140.0
87633.0,2048.0,13144.95
87667.0,2048.0,13150.05
87700.0,2048.0,13155.0
87733.0,2048.0,13159.95
87767.0,2048.0,13165.05
87800.0,2048.0,13170.0
87833.0,2048.0,13174.95
87867.0,2048.0,13180.05
87900.0,2048.0,13185.0
87933.0,2048.0,13189.95
87967.0,2048.0,13195.05
88000.0,2558.0,13200.0
88033.0,2559.0,13204.95
88067.0,2560.0,13210.05
88100.0,2561.0,13215.0
88133.0,2562.0,13219.95
88167.0,2563.0,13225.05
88200.0,2564.0,13230.0
88233.0,2565.0,13234.95
88267.0,2566.0,13240.05
88300.0,2567.0,13245.0
88333.0,2568.0,13249.95
88367.0,2569.0,13255.05
88400.0,2570.0,13260.0
88433.0,2571.0,13264.95
88467.0,2572.0,13270.05
88500.0,2573.0,13275.0
88533.0,2574.0,13279.95
88567.0,2575.0,13285.05
88600.0,2576.0,13290.0
88633.0,2577.0,13294.95
88667.0,2578.0,13300.05
88700.0,2578.0,13305.0
88733.0,2579.0,13309.95
88767.0,2580.0,13315.05
88800.0,2581.0,13320.0
88833.0,2582.0,13324.95
88867.0,2583.0,13330.05
88900.0,2584.0,13335.0
88933.0,2585.0,13339.95
88967.0,2586.0,13345.05
89000.0,2587.0,13350.0
89033.0,2588.0,13354.95
89067.0,2589.0,13360.05
89100.0,2590.0,13365.0
89133.0,2591.0,13369.95
89167.0,2592.0,13375.05
89200.0,2593.0,13380.0
89233.0,2594.0,13384.95
89267.0,2595.0,13390.05
89300.0,2596.0,13395.0
89333.0,2597.0,13399.95
89367.0,2598.0,13405.05
89400.0,2599.0,13410.0
89433.0,2600.0,13414.95
89467.0,2601.0,13420.05
89500.0,2602.0,13425.0
89533.0,2603.0,13429.95
89567.0,2604.0,13435.05
89600.0,2605.0,13440.0
89633.0,2606.0,13444.95
89667.0,2607.0,13450.05
89700.0,2608.0,13455.0
89733.0,2609.0,13459.95
89767.0,2610.0,13465.05
89800.0,2610.0,13470.0
89833.0,2611.0,13474.95
89867.0,2612.0,13480.05
89900.0,2613.0,13485.0
89933.0,2614.0,13489.95
89967.0,2615.0,13495.05
90000.0,2616.0,13500.0
90033.0,2617.0,13504.95
90067.0,2618.0,13510.05
90100.0,2619.0,13515.0
90133.0,2620.0,13519.95
90167.0,2621.0,13525.05
90200.0,2622.0,13530.0
90233.0,2623.0,13534.95
90267.0,2624.0,13540.05
90300.0,2625.0,13545.0
90333.0,2626.0,13549.95
90367.0,2627.0,13555.05
90400.0,2628.0,13560.0
90433.0,2629.0,13564.95
90467.0,2630.0,13570.05
90500.0,2631.0,13575.0
90533.0,2632.0,13579.95
90567.0,2633.0,13585.05
90600.0,2634.0,13590.0
90633.0,2635.0,13594.95
90667.0,2636.0,13600.05
90700.0,2637.0,13605.0
90733.0,2638.0,13609.95
90767.0,2639.0,13615.05
90800.0,2640.0,13620.0
90833.0,2640.0,13624.95
90867.0,2641.0,13630.05
90900.0,2642.0,13635.0
90933.0,2643.0,13639.95
90967.0,2644.0,13645.05
91000.0,2645.0,13650.0
91033.0,2646.0,13654.95
91067.0,2647.0,13660.05
91100.0,2648.0,13665.0
91133.0,2649.0,13669.95
91167.0,2650.0,13675.05
91200.0,2651.0,13680.0
91233.0,2652.0,13684.95
91267.0,2653.0,13690.05
91300.0,2654.0,13695.0
91333.0,2655.0,13699.95
91367.0,2656.0,13705.05
91400.0,2657.0,13710.0
91433.0,2658.0,13714.95
91467.0,2659.0,13720.05
91500.0,2660.0,13725.0
91533.0,2661.0,13729.95
91567.0,2662.0,13735.05
91600.0,2663.0,13740.0
91633.0,2664.0,13744.95
91667.0,2665.0,13750.05
91700.0,2666.0,13755.0
91733.0,2667.0,13759.95
91767.0,2668.0,13765.05
91800.0,2669.0,13770.0
91833.0,2670.0,13774.95
91867.0,2671.0,13780.05
91900.0,2672.0,13785.0
91933.0,2672.0,13789.95
91967.0,2673.0,13795.05
92000.0,2674.0,13800.0
92033.0,2675.0,13804.95
92067.0,2676.0,13810.05
92100.0,2677.0,13815.0
92133.0,2678.0,13819.95
92167.0,2679.0,13825.05
92200.0,2680.0,13830.0
92233.0,2681.0,13834.95
92267.0,2682.0,13840.05
92300.0,2683.0,13845.0
92333.0,2684.0,13849.95
92367.0,2685.0,13855.05
92400.0,2686.0,13860.0
92433.0,2687.0,13864.95
92467.0,2688.0,13870.05
92500.0,2689.0,13875.0
92533.0,2690.0,13879.95
92567.0,2691.0,13885.05
92600.0,2692.0,13890.0
92633.0,2693.0,13894.95
92667.0,2694.0,13900.05
92700.0,2695.0,13905.0
92733.0,2696.0,13909.95
92767.0,2697.0,13915.05
92800.0,2698.0,13920.0
92833.0,2699.0,13924.95
92867.0,2700.0,13930.05
92900.0,2701.0,13935.0
92933.0,2702.0,13939.95
92967.0,2703.0,13945.05
93000.0,2703.0,13950.0
93033.0,2704.0,13954.95
93067.0,2705.0,13960.05
93100.0,2706.0,13965.0
93133.0,2707.0,13969.95
93167.0,2708.0,13975.05
93200.0,2709.0,13980.0
93233.0,2710.0,13984.95
93267.0,2711.0,13990.05
93300.0,2712.0,13995.0
93333.0,2713.0,13999.95
93367.0,2714.0,14005.05
93400.0,2715.0,14010.0
93433.0,2716.0,14014.95
93467.0,2717.0,14020.05
93500.0,2718.0,14025.0
93533.0,2719.0,14029.95
93567.0,2720.0,14035.05
93600.0,2721.0,14040.0
93633.0,2722.0,14044.95
93667.0,2723.0,14050.05
93700.0,2724.0,14055.0
93733.0,2725.0,14059.95
93767.0,2726.0,14065.05
93800.0,2727.0,14070.0
93833.0,2728.0,14074.95
93867.0,2729.0,14080.05
93900.0,2730.0,14085.0
93933.0,2731.0,14089.95
93967.0,2732.0,14095.05
94000.0,2733.0,14100.0
94033.0,2734.0,14104.95
94067.0,2735.0,14110.05
94100.0,2735.0,14115.0
94133.0,2736.0,14119.95
94167.0,2737.0,14125.05
94200.0,2738.0,14130.0
94233.0,2739.0,14134.95
94267.0,2740.0,14140.05
94300.0,2741.0,14145.0
94333.0,2742.0,14149.95
94367.0,2743.0,14155.05
94400.0,2744.0,14160.0
94433.0,2745.0,14164.95
94467.0,2746.0,14170.05
94500.0,2747.0,14175.0
94533.0,2748.0,14179.95
94567.0,2749.0,14185.05
94600.0,2750.0,14190.0
94633.0,2751.0,14194.95
94667.0,2752.0,14200.05
94700.0,2753.0,14205.0
94733.0,2754.0,14209.95
94767.0,2755.0,14215.05
94800.0,2756.0,14220.0
94833.0,2757.0,14224.95
94867.0,2758.0,14230.05
94900.0,2759.0,14235.0
94933.0,2760.0,14239.95
94967.0,2761.0,14245.05
95000.0,2762.0,14250.0
95033.0,2763.0,14254.95
95067.0,2764.0,14260.05
95100.0,2765.0,14265.0
95133.0,2765.0,14269.95
95167.0,2766.0,14275.05
95200.0,2767.0,14280.0
95233.0,2768.0,14284.95
95267.0,2769.0,14290.05
95300.0,2770.0,14295.0
95333.0,2771.0,14299.95
95367.0,2772.0,14305.05
95400.0,2773.0,14310.0
95433.0,2774.0,14314.95
95467.0,2775.0,14320.05
95500.0,2776.0,14325.0
95533.0,2777.0,14329.95
95567.0,2778.0,14335.05
95600.0,2779.0,14340.0
95633.0,2780.0,14344.95
95667.0,2781.0,14350.05
95700.0,2782.0,14355.0
95733.0,2783.0,14359.95
95767.0,2784.0,14365.05
95800.0,2785.0,14370.0
95833.0,2786.0,14374.95
95867.0,2787.0,14380.05
95900.0,2788.0,14385.0
95933.0,2789.0,14389.95
95967.0,2790.0,14395.05
96000.0,2791.0,14400.0
96033.0,2792.0,14404.95
96067.0,2793.0,14410.05
96100.0,2794.0,14415.0
96133.0,2795.0,14419.95
96167.0,2796.0,14425.05
96200.0,2797.0,14430.0
96233.0,2797.0,14434.95
96267.0,2798.0,14440.05
96300.0,2799.0,14445.0
96333.0,2800.0,14449.95
96367.0,2801.0,14455.05
96400.0,2802.0,14460.0
96433.0,2803.0,14464.95
96467.0,2804.0,14470.05
96500.0,2805.0,14475.0
96533.0,2806.0,14479.95
96567.0,2807.0,14485.05
96600.0,2808.0,14490.0
96633.0,2809.0,14494.95
96667.0,2810.0,14500.05
96700.0,2811.0,14505.0
96733.0,2812.0,14509.95
96767.0,2813.0,14515.05
96800.0,2814.0,14520.0
96833.0,2815.0,14524.95
96867.0,2816.0,14530.05
96900.0,2817.0,14535.0
96933.0,2818.0,14539.95
96967.0,2819.0,14545.05
97000.0,2820.0,14550.0
97033.0,2821.0,14554.95
97067.0,2822.0,14560.05
97100.0,2823.0,14565.0
97133.0,2824.0,14569.95
97167.0,2825.0,14575.05
97200.0,2826.0,14580.0
97233.0,2827.0,14584.95
97267.0,2828.0,14590.05
97300.0,2828.0,14595.0
97333.0,2829.0,14599.95
97367.0,2830.0,14605.05
97400.0,2831.0,14610.0
97433.0,2832.0,14614.95
97467.0,2833.0,14620.05
97500.0,2834.0,14625.0
97533.0,2835.0,14629.95
97567.0,2836.0,14635.05
97600.0,2837.0,14640.0
97633.0,2838.0,14644.95
97667.0,2839.0,14650.05
97700.0,2840.0,14655.0
97733.0,2841.0,14659.95
97767.0,2842.0,14665.05
97800.0,2843.0,14670.0
97833.0,2844.0,14674.95
97867.0,2845.0,14680.05
97900.0,2846.0,14685.0
97933.0,2847.0,14689.95
97967.0,2848.0,14695.05
98000.0,2849.0,14700.0
98033.0,2850.0,14704.95
98067.0,2851.0,14710.05
98100.0,2852.0,14715.0
98133.0,2853.0,14719.95
98167.0,2854.0,14725.05
98200.0,2855.0,14730.0
98233.0,2856.0,14734.95
98267.0,2857.0,14740.05
98300.0,2858.0,14745.0
98333.0,2859.0,14749.95
98367.0,2860.0,14755.05
98400.0,2860.0,14760.0
98433.0,2861.0,14764.95
98467.0,2862.0,14770.05
98500.0,2863.0,14775.0
98533.0,2864.0,14779.95
98567.0,2865.0,14785.05
98600.0,2866.0,14790.0
98633.0,2867.0,14794.95
98667.0,2868.0,14800.05
98700.0,2869.0,14805.0
98733.0,2870.0,14809.95
98767.0,2871.0,14815.05
98800.0,2872.0,14820.0
98833.0,2873.0,14824.95
98867.0,2874.0,14830.05
98900.0,2875.0,14835.0
98933.0,2876.0,14839.95
98967.0,2877.0,14845.05
99000.0,2878.0,14850.0
99033.0,2879.0,14854.95
99067.0,2880.0,14860.05
99100.0,2881.0,14865.0
99133.0,2882.0,14869.95
99167.0,2883.0,14875.05
99200.0,2884.0,14880.0
99233.0,2885.0,14884.95
99267.0,2886.0,14890.05
99300.0,2887.0,14895.0
99333.0,2888.0,14899.95
99367.0,2889.0,14905.05
99400.0,2890.0,14910.0
99433.0,2890.0,14914.95
99467.0,2891.0,14920.05
99500.0,2892.0,14925.0
99533.0,2893.0,14929.95
99567.0,2894.0,14935.05
99600.0,2895.0,14940.0
99633.0,2896.0,14944.95
99667.0,2897.0,14950.05
99700.0,2898.0,14955.0
99733.0,2899.0,14959.95
99767.0,2900.0,14965.05
99800.0,2901.0,14970.0
99833.0,2902.0,14974.95
99867.0,2903.0,14980.05
99900.0,2904.0,14985.0
99933.0,2905.0,14989.95
99967.0,2906.0,14995.05
100000.0,2907.0,15000.0
100033.0,2908.0,15004.95