win,ticks_elapsed,atk_start_h,pub_h,priv_h,pub_cw,priv_cw,atk_q,block_target,daa2_n_blocks,n_chains,ms_elapsed,atk_start_t,doublespend_after_n_confs
1, 6121, 94, 104, 105, 104, 105, 0.44, 50, 100, 1, 2, 5000, 10
1, 6012, 107, 119, 120, 119, 120, 0.44, 50, 100, 1, 2, 5000, 10
0, 8500, 107, 160, 134, 160, 134, 0.44, 50, 100, 1, 5, 5000, 10
1, 5702, 102, 112, 114, 112, 114, 0.44, 50, 100, 1, 2, 5000, 10
1, 6364, 104, 114, 116, 114, 116, 0.44, 50, 100, 1, 3, 5000, 10
0, 8500, 85, 131, 123, 131, 123, 0.44, 50, 100, 1, 4, 5000, 10
1, 5916, 111, 121, 124, 121, 124, 0.44, 50, 100, 1, 2, 5000, 10
1, 6063, 86, 98, 99, 98, 99, 0.44, 50, 100, 1, 2, 5000, 10
1, 5995, 95, 108, 109, 108, 109, 0.44, 50, 100, 1, 2, 5000, 10
1, 6031, 108, 118, 121, 118, 121, 0.44, 50, 100, 1, 2, 5000, 10
1, 5746, 110, 120, 122, 120, 122, 0.44, 50, 100, 1, 2, 5000, 10
1, 6080, 101, 111, 112, 111, 112, 0.44, 50, 100, 1, 2, 5000, 10
1, 6471, 84, 102, 103, 102, 103, 0.44, 50, 100, 1, 3, 5000, 10
1, 6367, 106, 118, 119, 118, 119, 0.44, 50, 100, 1, 3, 5000, 10
0, 8500, 104, 148, 134, 148, 134, 0.44, 50, 100, 1, 5, 5000, 10
1, 6500, 106, 116, 126, 116, 126, 0.44, 50, 100, 1, 3, 5000, 10
1, 8363, 103, 140, 141, 140, 141, 0.44, 50, 100, 1, 4, 5000, 10
0, 8500, 110, 149, 140, 149, 140, 0.44, 50, 100, 1, 5, 5000, 10
0, 8500, 94, 138, 132, 138, 132, 0.44, 50, 100, 1, 6, 5000, 10
1, 6152, 93, 104, 105, 104, 105, 0.44, 50, 100, 1, 2, 5000, 10
0, 8500, 104, 151, 139, 151, 139, 0.44, 50, 100, 1, 4, 5000, 10
1, 7610, 102, 129, 130, 129, 130, 0.44, 50, 100, 1, 4, 5000, 10
0, 8500, 93, 136, 122, 136, 122, 0.44, 50, 100, 1, 4, 5000, 10
0, 8500, 88, 144, 125, 144, 125, 0.44, 50, 100, 1, 4, 5000, 10
1, 6211, 96, 111, 112, 111, 112, 0.44, 50, 100, 1, 3, 5000, 10
1, 5939, 77, 87, 89, 87, 89, 0.44, 50, 100, 1, 2, 5000, 10
1, 5880, 105, 118, 119, 118, 119, 0.44, 50, 100, 1, 2, 5000, 10
1, 6061, 89, 99, 101, 99, 101, 0.44, 50, 100, 1, 2, 5000, 10
0, 8500, 87, 146, 122, 146, 122, 0.44, 50, 100, 1, 5, 5000, 10
0, 8500, 105, 145, 136, 145, 136, 0.44, 50, 100, 1, 4, 5000, 10
1, 6824, 105, 124, 125, 124, 125, 0.44, 50, 100, 1, 3, 5000, 10
1, 8089, 111, 136, 137, 136, 137, 0.44, 50, 100, 1, 4, 5000, 10
1, 6055, 97, 107, 108, 107, 108, 0.44, 50, 100, 1, 2, 5000, 10
0, 8500, 91, 147, 131, 147, 131, 0.44, 50, 100, 1, 5, 5000, 10
0, 8500, 94, 144, 131, 144, 131, 0.44, 50, 100, 1, 5, 5000, 10
0, 8500, 109, 149, 143, 149, 143, 0.44, 50, 100, 1, 5, 5000, 10
1, 7355, 107, 135, 136, 135, 136, 0.44, 50, 100, 1, 4, 5000, 10
0, 8500, 109, 155, 143, 155, 143, 0.44, 50, 100, 1, 5, 5000, 10
1, 5885, 98, 108, 109, 108, 109, 0.44, 50, 100, 1, 2, 5000, 10
1, 6129, 104, 114, 115, 114, 115, 0.44, 50, 100, 1, 2, 5000, 10
1, 8325, 95, 128, 129, 128, 129, 0.44, 50, 100, 1, 4, 5000, 10
1, 5942, 112, 122, 124, 122, 124, 0.44, 50, 100, 1, 2, 5000, 10
0, 8500, 108, 146, 134, 146, 134, 0.44, 50, 100, 1, 5, 5000, 10
0, 8500, 92, 149, 125, 149, 125, 0.44, 50, 100, 1, 4, 5000, 10
0, 8500, 102, 159, 133, 159, 133, 0.44, 50, 100, 1, 5, 5000, 10
1, 6074, 91, 101, 104, 101, 104, 0.44, 50, 100, 1, 2, 5000, 10
1, 7654, 103, 128, 129, 128, 129, 0.44, 50, 100, 1, 4, 5000, 10
0, 8500, 100, 149, 130, 149, 130, 0.44, 50, 100, 1, 5, 5000, 10
0, 8500, 109, 163, 149, 163, 149, 0.44, 50, 100, 1, 4, 5000, 10
0, 8500, 88, 133, 114, 133, 114, 0.44, 50, 100, 1, 4, 5000, 10
1, 8433, 105, 144, 145, 144, 145, 0.44, 50, 100, 1, 5, 5000, 10
0, 8500, 103, 157, 128, 157, 128, 0.44, 50, 100, 1, 5, 5000, 10
1, 5497, 104, 114, 117, 114, 117, 0.44, 50, 100, 1, 2, 5000, 10
0, 8500, 106, 152, 132, 152, 132, 0.44, 50, 100, 1, 4, 5000, 10
0, 8500, 99, 151, 134, 151, 134, 0.44, 50, 100, 1, 5, 5000, 10
0, 8500, 105, 150, 139, 150, 139, 0.44, 50, 100, 1, 5, 5000, 10
0, 8500, 111, 149, 147, 149, 147, 0.44, 50, 100, 1, 5, 5000, 10
1, 6317, 106, 121, 122, 121, 122, 0.44, 50, 100, 1, 3, 5000, 10
0, 8500, 100, 162, 138, 162, 138, 0.44, 50, 100, 1, 5, 5000, 10
1, 5894, 103, 113, 114, 113, 114, 0.44, 50, 100, 1, 2, 5000, 10
1, 5777, 98, 108, 110, 108, 110, 0.44, 50, 100, 1, 2, 5000, 10
0, 8500, 81, 128, 128, 128, 128, 0.44, 50, 100, 1, 5, 5000, 10
0, 8500, 95, 148, 127, 148, 127, 0.44, 50, 100, 1, 5, 5000, 10
1, 5924, 109, 119, 120, 119, 120, 0.44, 50, 100, 1, 2, 5000, 10
1, 6773, 102, 112, 122, 112, 122, 0.44, 50, 100, 1, 3, 5000, 10
1, 6440, 95, 105, 110, 105, 110, 0.44, 50, 100, 1, 3, 5000, 10
1, 5870, 87, 97, 98, 97, 98, 0.44, 50, 100, 1, 2, 5000, 10
0, 8500, 106, 142, 132, 142, 132, 0.44, 50, 100, 1, 4, 5000, 10
0, 8500, 96, 145, 126, 145, 126, 0.44, 50, 100, 1, 5, 5000, 10
0, 8500, 97, 144, 135, 144, 135, 0.44, 50, 100, 1, 4, 5000, 10
1, 7285, 111, 133, 134, 133, 134, 0.44, 50, 100, 1, 4, 5000, 10
1, 7207, 119, 136, 137, 136, 137, 0.44, 50, 100, 1, 3, 5000, 10
0, 8500, 92, 133, 130, 133, 130, 0.44, 50, 100, 1, 5, 5000, 10
1, 7571, 99, 122, 123, 122, 123, 0.44, 50, 100, 1, 4, 5000, 10
0, 8500, 102, 169, 140, 169, 140, 0.44, 50, 100, 1, 5, 5000, 10
0, 8500, 114, 156, 134, 156, 134, 0.44, 50, 100, 1, 5, 5000, 10
0, 8500, 91, 142, 123, 142, 123, 0.44, 50, 100, 1, 5, 5000, 10
1, 7657, 104, 142, 143, 142, 143, 0.44, 50, 100, 1, 5, 5000, 10
1, 6635, 105, 124, 125, 124, 125, 0.44, 50, 100, 1, 3, 5000, 10
1, 7318, 108, 136, 137, 136, 137, 0.44, 50, 100, 1, 3, 5000, 10
0, 8500, 104, 148, 137, 148, 137, 0.44, 50, 100, 1, 5, 5000, 10
0, 8500, 84, 135, 129, 135, 129, 0.44, 50, 100, 1, 5, 5000, 10
1, 6997, 95, 118, 119, 118, 119, 0.44, 50, 100, 1, 3, 5000, 10
0, 8500, 91, 142, 131, 142, 131, 0.44, 50, 100, 1, 5, 5000, 10
1, 6370, 95, 109, 110, 109, 110, 0.44, 50, 100, 1, 3, 5000, 10
1, 6002, 113, 123, 124, 123, 124, 0.44, 50, 100, 1, 2, 5000, 10
1, 7651, 103, 134, 135, 134, 135, 0.44, 50, 100, 1, 4, 5000, 10
0, 8500, 112, 156, 149, 156, 149, 0.44, 50, 100, 1, 5, 5000, 10
0, 8500, 94, 135, 117, 135, 117, 0.44, 50, 100, 1, 5, 5000, 10
1, 5668, 97, 107, 109, 107, 109, 0.44, 50, 100, 1, 2, 5000, 10
1, 6126, 104, 114, 116, 114, 116, 0.44, 50, 100, 1, 2, 5000, 10
1, 6445, 110, 125, 126, 125, 126, 0.44, 50, 100, 1, 3, 5000, 10
0, 8500, 114, 160, 155, 160, 155, 0.44, 50, 100, 1, 5, 5000, 10
1, 6931, 103, 120, 121, 120, 121, 0.44, 50, 100, 1, 3, 5000, 10
1, 6794, 109, 127, 128, 127, 128, 0.44, 50, 100, 1, 3, 5000, 10
1, 6138, 106, 118, 119, 118, 119, 0.44, 50, 100, 1, 2, 5000, 10
0, 8500, 107, 155, 142, 155, 142, 0.44, 50, 100, 1, 5, 5000, 10
1, 6139, 107, 117, 122, 117, 122, 0.44, 50, 100, 1, 2, 5000, 10
1, 6471, 109, 122, 123, 122, 123, 0.44, 50, 100, 1, 3, 5000, 10
0, 8500, 101, 149, 130, 149, 130, 0.44, 50, 100, 1, 5, 5000, 10
0, 12000, 102, 211, 201, 211, 201, 0.44, 50, 100, 1, 8, 5000, 20
0, 12000, 106, 211, 202, 211, 202, 0.44, 50, 100, 1, 8, 5000, 20
1, 7186, 111, 131, 134, 131, 134, 0.44, 50, 100, 1, 3, 5000, 20
0, 12000, 100, 211, 188, 211, 188, 0.44, 50, 100, 1, 8, 5000, 20
1, 6728, 107, 127, 128, 127, 128, 0.44, 50, 100, 1, 3, 5000, 20
1, 9529, 95, 144, 145, 144, 145, 0.44, 50, 100, 1, 6, 5000, 20
0, 12000, 108, 217, 196, 217, 196, 0.44, 50, 100, 1, 8, 5000, 20
0, 12000, 97, 194, 186, 194, 186, 0.44, 50, 100, 1, 8, 5000, 20
1, 7746, 102, 135, 136, 135, 136, 0.44, 50, 100, 1, 4, 5000, 20
0, 12000, 97, 197, 162, 197, 162, 0.44, 50, 100, 1, 8, 5000, 20
0, 12000, 98, 215, 201, 215, 201, 0.44, 50, 100, 1, 8, 5000, 20
1, 9755, 106, 171, 172, 171, 172, 0.44, 50, 100, 1, 6, 5000, 20
0, 12000, 91, 188, 172, 188, 172, 0.44, 50, 100, 1, 8, 5000, 20
0, 12000, 111, 223, 208, 223, 208, 0.44, 50, 100, 1, 8, 5000, 20
1, 7120, 96, 116, 117, 116, 117, 0.44, 50, 100, 1, 4, 5000, 20
0, 12000, 100, 210, 176, 210, 176, 0.44, 50, 100, 1, 9, 5000, 20
1, 6840, 85, 105, 109, 105, 109, 0.44, 50, 100, 1, 3, 5000, 20
0, 12000, 86, 199, 160, 199, 160, 0.44, 50, 100, 1, 9, 5000, 20
1, 7331, 96, 116, 135, 116, 135, 0.44, 50, 100, 1, 4, 5000, 20
0, 12000, 94, 215, 192, 215, 192, 0.44, 50, 100, 1, 8, 5000, 20
0, 12000, 115, 205, 183, 205, 183, 0.44, 50, 100, 1, 8, 5000, 20
1, 8066, 104, 131, 132, 131, 132, 0.44, 50, 100, 1, 4, 5000, 20
0, 12000, 91, 211, 189, 211, 189, 0.44, 50, 100, 1, 8, 5000, 20
1, 10130, 90, 142, 143, 142, 143, 0.44, 50, 100, 1, 6, 5000, 20
0, 12000, 82, 171, 148, 171, 148, 0.44, 50, 100, 1, 8, 5000, 20
0, 12000, 114, 223, 206, 223, 206, 0.44, 50, 100, 1, 8, 5000, 20
0, 12000, 117, 212, 194, 212, 194, 0.44, 50, 100, 1, 8, 5000, 20
0, 12000, 104, 221, 189, 221, 189, 0.44, 50, 100, 1, 8, 5000, 20
1, 6984, 113, 133, 137, 133, 137, 0.44, 50, 100, 1, 3, 5000, 20
0, 12000, 107, 227, 199, 227, 199, 0.44, 50, 100, 1, 9, 5000, 20
1, 7306, 88, 108, 112, 108, 112, 0.44, 50, 100, 1, 3, 5000, 20
1, 7131, 99, 119, 125, 119, 125, 0.44, 50, 100, 1, 3, 5000, 20
1, 8276, 115, 135, 141, 135, 141, 0.44, 50, 100, 1, 4, 5000, 20
1, 6647, 112, 132, 135, 132, 135, 0.44, 50, 100, 1, 3, 5000, 20
1, 7130, 101, 121, 125, 121, 125, 0.44, 50, 100, 1, 3, 5000, 20
0, 12000, 90, 196, 190, 196, 190, 0.44, 50, 100, 1, 8, 5000, 20
1, 9123, 103, 147, 148, 147, 148, 0.44, 50, 100, 1, 5, 5000, 20
1, 7030, 95, 115, 116, 115, 116, 0.44, 50, 100, 1, 3, 5000, 20
0, 12000, 123, 235, 199, 235, 199, 0.44, 50, 100, 1, 8, 5000, 20
1, 8164, 76, 119, 120, 119, 120, 0.44, 50, 100, 1, 4, 5000, 20
1, 6741, 108, 128, 130, 128, 130, 0.44, 50, 100, 1, 3, 5000, 20
0, 12000, 99, 210, 189, 210, 189, 0.44, 50, 100, 1, 8, 5000, 20
1, 10543, 104, 182, 183, 182, 183, 0.44, 50, 100, 1, 7, 5000, 20
1, 7066, 112, 132, 133, 132, 133, 0.44, 50, 100, 1, 4, 5000, 20
1, 10449, 103, 174, 175, 174, 175, 0.44, 50, 100, 1, 7, 5000, 20
0, 12000, 98, 196, 182, 196, 182, 0.44, 50, 100, 1, 8, 5000, 20
1, 10539, 97, 168, 169, 168, 169, 0.44, 50, 100, 1, 6, 5000, 20
1, 7179, 96, 116, 120, 116, 120, 0.44, 50, 100, 1, 4, 5000, 20
1, 7366, 109, 131, 132, 131, 132, 0.44, 50, 100, 1, 4, 5000, 20
1, 6849, 94, 114, 117, 114, 117, 0.44, 50, 100, 1, 3, 5000, 20
0, 12000, 98, 203, 176, 203, 176, 0.44, 50, 100, 1, 8, 5000, 20
1, 7147, 106, 126, 129, 126, 129, 0.44, 50, 100, 1, 3, 5000, 20
0, 12000, 111, 225, 219, 225, 219, 0.44, 50, 100, 1, 8, 5000, 20
1, 6636, 93, 114, 115, 114, 115, 0.44, 50, 100, 1, 3, 5000, 20
0, 12000, 119, 230, 208, 230, 208, 0.44, 50, 100, 1, 8, 5000, 20
1, 7172, 89, 114, 115, 114, 115, 0.44, 50, 100, 1, 3, 5000, 20
0, 12000, 98, 196, 187, 196, 187, 0.44, 50, 100, 1, 8, 5000, 20
0, 12000, 104, 200, 188, 200, 188, 0.44, 50, 100, 1, 8, 5000, 20
0, 12000, 87, 172, 160, 172, 160, 0.44, 50, 100, 1, 8, 5000, 20
0, 12000, 99, 214, 200, 214, 200, 0.44, 50, 100, 1, 8, 5000, 20
1, 11596, 97, 179, 180, 179, 180, 0.44, 50, 100, 1, 7, 5000, 20
0, 12000, 106, 195, 179, 195, 179, 0.44, 50, 100, 1, 8, 5000, 20
1, 11038, 106, 180, 181, 180, 181, 0.44, 50, 100, 1, 7, 5000, 20
0, 12000, 91, 207, 183, 207, 183, 0.44, 50, 100, 1, 8, 5000, 20
1, 10610, 101, 173, 174, 173, 174, 0.44, 50, 100, 1, 7, 5000, 20
0, 12000, 88, 198, 178, 198, 178, 0.44, 50, 100, 1, 8, 5000, 20
0, 12000, 92, 182, 156, 182, 156, 0.44, 50, 100, 1, 8, 5000, 20
0, 12000, 107, 224, 197, 224, 197, 0.44, 50, 100, 1, 8, 5000, 20
0, 12000, 92, 218, 182, 218, 182, 0.44, 50, 100, 1, 8, 5000, 20
0, 12000, 101, 207, 195, 207, 195, 0.44, 50, 100, 1, 8, 5000, 20
0, 12000, 99, 216, 195, 216, 195, 0.44, 50, 100, 1, 8, 5000, 20
0, 12000, 121, 211, 195, 211, 195, 0.44, 50, 100, 1, 8, 5000, 20
1, 10243, 104, 173, 174, 173, 174, 0.44, 50, 100, 1, 6, 5000, 20
0, 12000, 96, 212, 190, 212, 190, 0.44, 50, 100, 1, 8, 5000, 20
0, 12000, 111, 226, 189, 226, 189, 0.44, 50, 100, 1, 8, 5000, 20
0, 12000, 106, 218, 191, 218, 191, 0.44, 50, 100, 1, 8, 5000, 20
1, 7071, 77, 97, 98, 97, 98, 0.44, 50, 100, 1, 3, 5000, 20
0, 12000, 103, 213, 202, 213, 202, 0.44, 50, 100, 1, 8, 5000, 20
1, 7070, 81, 108, 109, 108, 109, 0.44, 50, 100, 1, 3, 5000, 20
0, 12000, 86, 170, 161, 170, 161, 0.44, 50, 100, 1, 8, 5000, 20
1, 10740, 97, 176, 177, 176, 177, 0.44, 50, 100, 1, 7, 5000, 20
1, 9059, 104, 146, 147, 146, 147, 0.44, 50, 100, 1, 5, 5000, 20
1, 7674, 115, 142, 143, 142, 143, 0.44, 50, 100, 1, 4, 5000, 20
0, 12000, 92, 198, 173, 198, 173, 0.44, 50, 100, 1, 8, 5000, 20
0, 12000, 111, 219, 201, 219, 201, 0.44, 50, 100, 1, 8, 5000, 20
0, 12000, 101, 203, 195, 203, 195, 0.44, 50, 100, 1, 8, 5000, 20
1, 7181, 97, 117, 121, 117, 121, 0.44, 50, 100, 1, 3, 5000, 20
0, 12000, 106, 218, 201, 218, 201, 0.44, 50, 100, 1, 8, 5000, 20
0, 12000, 112, 219, 198, 219, 198, 0.44, 50, 100, 1, 8, 5000, 20
1, 11110, 106, 196, 197, 196, 197, 0.44, 50, 100, 1, 7, 5000, 20
1, 6919, 116, 136, 142, 136, 142, 0.44, 50, 100, 1, 3, 5000, 20
0, 12000, 85, 193, 177, 193, 177, 0.44, 50, 100, 1, 8, 5000, 20
1, 7692, 101, 130, 131, 130, 131, 0.44, 50, 100, 1, 4, 5000, 20
0, 12000, 109, 215, 207, 215, 207, 0.44, 50, 100, 1, 8, 5000, 20
1, 6931, 103, 123, 124, 123, 124, 0.44, 50, 100, 1, 4, 5000, 20
0, 12000, 107, 211, 202, 211, 202, 0.44, 50, 100, 1, 8, 5000, 20
1, 7017, 118, 138, 141, 138, 141, 0.44, 50, 100, 1, 3, 5000, 20
0, 12000, 121, 199, 196, 199, 196, 0.44, 50, 100, 1, 8, 5000, 20
1, 7059, 107, 127, 129, 127, 129, 0.44, 50, 100, 1, 3, 5000, 20
0, 12000, 111, 235, 212, 235, 212, 0.44, 50, 100, 1, 8, 5000, 20
1, 7247, 101, 131, 134, 131, 134, 0.44, 50, 100, 1, 3, 5000, 30
0, 15500, 107, 272, 266, 272, 266, 0.44, 50, 100, 1, 11, 5000, 30
1, 7855, 105, 147, 148, 147, 148, 0.44, 50, 100, 1, 4, 5000, 30
0, 15500, 99, 290, 252, 290, 252, 0.44, 50, 100, 1, 11, 5000, 30
0, 15500, 120, 278, 265, 278, 265, 0.44, 50, 100, 1, 11, 5000, 30
1, 9148, 103, 152, 153, 152, 153, 0.44, 50, 100, 1, 5, 5000, 30
0, 15500, 99, 283, 274, 283, 274, 0.44, 50, 100, 1, 12, 5000, 30
1, 9683, 106, 162, 163, 162, 163, 0.44, 50, 100, 1, 6, 5000, 30
1, 7849, 98, 128, 130, 128, 130, 0.44, 50, 100, 1, 4, 5000, 30
0, 15500, 102, 283, 272, 283, 272, 0.44, 50, 100, 1, 12, 5000, 30
1, 9094, 91, 121, 124, 121, 124, 0.44, 50, 100, 1, 5, 5000, 30
0, 15500, 104, 298, 274, 298, 274, 0.44, 50, 100, 1, 12, 5000, 30
1, 7900, 64, 100, 101, 100, 101, 0.44, 50, 100, 1, 4, 5000, 30
1, 11920, 93, 195, 196, 195, 196, 0.44, 50, 100, 1, 8, 5000, 30
1, 8548, 72, 102, 103, 102, 103, 0.44, 50, 100, 1, 4, 5000, 30
0, 15500, 109, 292, 274, 292, 274, 0.44, 50, 100, 1, 12, 5000, 30
0, 15500, 97, 285, 258, 285, 258, 0.44, 50, 100, 1, 12, 5000, 30
1, 7821, 94, 124, 132, 124, 132, 0.44, 50, 100, 1, 4, 5000, 30
0, 15500, 112, 292, 277, 292, 277, 0.44, 50, 100, 1, 13, 5000, 30
0, 15500, 95, 288, 267, 288, 267, 0.44, 50, 100, 1, 13, 5000, 30
1, 9982, 103, 157, 158, 157, 158, 0.44, 50, 100, 1, 6, 5000, 30
1, 15120, 109, 262, 263, 262, 263, 0.44, 50, 100, 1, 11, 5000, 30
0, 15500, 112, 267, 248, 267, 248, 0.44, 50, 100, 1, 11, 5000, 30
0, 15500, 85, 253, 232, 253, 232, 0.44, 50, 100, 1, 11, 5000, 30
1, 7885, 99, 129, 136, 129, 136, 0.44, 50, 100, 1, 4, 5000, 30
0, 15500, 103, 283, 261, 283, 261, 0.44, 50, 100, 1, 11, 5000, 30
1, 7369, 99, 129, 130, 129, 130, 0.44, 50, 100, 1, 4, 5000, 30
0, 15500, 108, 282, 257, 282, 257, 0.44, 50, 100, 1, 12, 5000, 30
0, 15500, 106, 281, 243, 281, 243, 0.44, 50, 100, 1, 11, 5000, 30
1, 8020, 104, 134, 146, 134, 146, 0.44, 50, 100, 1, 4, 5000, 30
0, 15500, 108, 274, 259, 274, 259, 0.44, 50, 100, 1, 11, 5000, 30
0, 15500, 109, 292, 277, 292, 277, 0.44, 50, 100, 1, 11, 5000, 30
1, 7735, 90, 120, 124, 120, 124, 0.44, 50, 100, 1, 4, 5000, 30
0, 15500, 74, 244, 229, 244, 229, 0.44, 50, 100, 1, 11, 5000, 30
1, 7761, 100, 130, 131, 130, 131, 0.44, 50, 100, 1, 4, 5000, 30
1, 7539, 107, 137, 142, 137, 142, 0.44, 50, 100, 1, 4, 5000, 30
1, 8326, 105, 135, 141, 135, 141, 0.44, 50, 100, 1, 4, 5000, 30
0, 15500, 109, 267, 247, 267, 247, 0.44, 50, 100, 1, 11, 5000, 30
1, 7926, 108, 138, 139, 138, 139, 0.44, 50, 100, 1, 4, 5000, 30
0, 15500, 100, 281, 239, 281, 239, 0.44, 50, 100, 1, 11, 5000, 30
1, 10578, 97, 164, 165, 164, 165, 0.44, 50, 100, 1, 6, 5000, 30
1, 7680, 89, 120, 121, 120, 121, 0.44, 50, 100, 1, 4, 5000, 30
1, 14686, 119, 269, 270, 269, 270, 0.44, 50, 100, 1, 10, 5000, 30
1, 8646, 94, 127, 128, 127, 128, 0.44, 50, 100, 1, 5, 5000, 30
1, 7882, 105, 140, 141, 140, 141, 0.44, 50, 100, 1, 4, 5000, 30
0, 15500, 102, 284, 263, 284, 263, 0.44, 50, 100, 1, 12, 5000, 30
1, 7838, 99, 129, 131, 129, 131, 0.44, 50, 100, 1, 4, 5000, 30
1, 13016, 113, 228, 229, 228, 229, 0.44, 50, 100, 1, 9, 5000, 30
0, 15500, 102, 278, 259, 278, 259, 0.44, 50, 100, 1, 11, 5000, 30
0, 15500, 108, 260, 252, 260, 252, 0.44, 50, 100, 1, 12, 5000, 30
1, 7356, 94, 127, 128, 127, 128, 0.44, 50, 100, 1, 4, 5000, 30
0, 15500, 91, 269, 246, 269, 246, 0.44, 50, 100, 1, 12, 5000, 30
0, 15500, 101, 284, 259, 284, 259, 0.44, 50, 100, 1, 12, 5000, 30
1, 7717, 119, 149, 158, 149, 158, 0.44, 50, 100, 1, 4, 5000, 30
0, 15500, 90, 267, 262, 267, 262, 0.44, 50, 100, 1, 12, 5000, 30
1, 7983, 107, 147, 148, 147, 148, 0.44, 50, 100, 1, 4, 5000, 30
1, 8248, 114, 150, 151, 150, 151, 0.44, 50, 100, 1, 5, 5000, 30
1, 8727, 91, 134, 135, 134, 135, 0.44, 50, 100, 1, 5, 5000, 30
1, 7734, 108, 138, 139, 138, 139, 0.44, 50, 100, 1, 4, 5000, 30
1, 7951, 106, 136, 139, 136, 139, 0.44, 50, 100, 1, 4, 5000, 30
0, 15500, 95, 266, 240, 266, 240, 0.44, 50, 100, 1, 11, 5000, 30
1, 9321, 109, 161, 162, 161, 162, 0.44, 50, 100, 1, 5, 5000, 30
1, 7886, 95, 125, 126, 125, 126, 0.44, 50, 100, 1, 4, 5000, 30
1, 8522, 100, 130, 134, 130, 134, 0.44, 50, 100, 1, 5, 5000, 30
1, 7355, 91, 121, 123, 121, 123, 0.44, 50, 100, 1, 4, 5000, 30
0, 15500, 104, 269, 245, 269, 245, 0.44, 50, 100, 1, 12, 5000, 30
0, 15500, 108, 284, 259, 284, 259, 0.44, 50, 100, 1, 11, 5000, 30
0, 15500, 97, 285, 269, 285, 269, 0.44, 50, 100, 1, 12, 5000, 30
0, 15500, 128, 295, 265, 295, 265, 0.44, 50, 100, 1, 11, 5000, 30
1, 13019, 112, 214, 215, 214, 215, 0.44, 50, 100, 1, 10, 5000, 30
0, 15500, 92, 283, 268, 283, 268, 0.44, 50, 100, 1, 13, 5000, 30
1, 8879, 110, 156, 157, 156, 157, 0.44, 50, 100, 1, 5, 5000, 30
1, 15072, 111, 269, 270, 269, 270, 0.44, 50, 100, 1, 11, 5000, 30
1, 7394, 106, 136, 137, 136, 137, 0.44, 50, 100, 1, 4, 5000, 30
1, 8121, 116, 146, 151, 146, 151, 0.44, 50, 100, 1, 4, 5000, 30
1, 7897, 99, 129, 130, 129, 130, 0.44, 50, 100, 1, 4, 5000, 30
0, 15500, 104, 251, 250, 251, 250, 0.44, 50, 100, 1, 11, 5000, 30
1, 13601, 98, 231, 232, 231, 232, 0.44, 50, 100, 1, 9, 5000, 30
0, 15500, 108, 268, 255, 268, 255, 0.44, 50, 100, 1, 11, 5000, 30
0, 15500, 111, 281, 256, 281, 256, 0.44, 50, 100, 1, 11, 5000, 30
0, 15500, 90, 255, 243, 255, 243, 0.44, 50, 100, 1, 11, 5000, 30
0, 15500, 102, 277, 259, 277, 259, 0.44, 50, 100, 1, 11, 5000, 30
1, 8711, 107, 150, 151, 150, 151, 0.44, 50, 100, 1, 5, 5000, 30
0, 15500, 98, 288, 263, 288, 263, 0.44, 50, 100, 1, 15, 5000, 30
0, 15500, 87, 264, 254, 264, 254, 0.44, 50, 100, 1, 15, 5000, 30
0, 15500, 101, 281, 267, 281, 267, 0.44, 50, 100, 1, 12, 5000, 30
0, 15500, 92, 269, 248, 269, 248, 0.44, 50, 100, 1, 12, 5000, 30
1, 8392, 110, 147, 148, 147, 148, 0.44, 50, 100, 1, 6, 5000, 30
0, 15500, 104, 279, 269, 279, 269, 0.44, 50, 100, 1, 13, 5000, 30
0, 15500, 90, 271, 255, 271, 255, 0.44, 50, 100, 1, 13, 5000, 30
1, 8189, 108, 138, 144, 138, 144, 0.44, 50, 100, 1, 4, 5000, 30
0, 15500, 91, 268, 247, 268, 247, 0.44, 50, 100, 1, 12, 5000, 30
1, 8207, 105, 144, 145, 144, 145, 0.44, 50, 100, 1, 4, 5000, 30
1, 8247, 101, 134, 135, 134, 135, 0.44, 50, 100, 1, 5, 5000, 30
0, 15500, 107, 262, 251, 262, 251, 0.44, 50, 100, 1, 11, 5000, 30
0, 15500, 102, 283, 269, 283, 269, 0.44, 50, 100, 1, 11, 5000, 30
0, 15500, 113, 302, 274, 302, 274, 0.44, 50, 100, 1, 12, 5000, 30
0, 15500, 115, 284, 271, 284, 271, 0.44, 50, 100, 1, 11, 5000, 30
1, 8772, 99, 150, 151, 150, 151, 0.44, 50, 100, 1, 5, 5000, 30
0, 15500, 112, 270, 267, 270, 267, 0.44, 50, 100, 1, 11, 5000, 30
0, 19000, 97, 356, 330, 356, 330, 0.44, 50, 100, 1, 15, 5000, 40
0, 19000, 97, 350, 329, 350, 329, 0.44, 50, 100, 1, 15, 5000, 40
1, 8668, 90, 130, 131, 130, 131, 0.44, 50, 100, 1, 6, 5000, 40
0, 19000, 95, 346, 317, 346, 317, 0.44, 50, 100, 1, 16, 5000, 40
0, 19000, 80, 338, 311, 338, 311, 0.44, 50, 100, 1, 15, 5000, 40
1, 10428, 94, 167, 168, 167, 168, 0.44, 50, 100, 1, 7, 5000, 40
1, 15458, 97, 269, 270, 269, 270, 0.44, 50, 100, 1, 11, 5000, 40
1, 13018, 116, 227, 228, 227, 228, 0.44, 50, 100, 1, 9, 5000, 40
1, 8727, 98, 138, 139, 138, 139, 0.44, 50, 100, 1, 5, 5000, 40
1, 15992, 77, 244, 245, 244, 245, 0.44, 50, 100, 1, 12, 5000, 40
0, 19000, 93, 349, 319, 349, 319, 0.44, 50, 100, 1, 15, 5000, 40
0, 19000, 99, 353, 333, 353, 333, 0.44, 50, 100, 1, 15, 5000, 40
0, 19000, 96, 342, 319, 342, 319, 0.44, 50, 100, 1, 15, 5000, 40
0, 19000, 88, 334, 316, 334, 316, 0.44, 50, 100, 1, 16, 5000, 40
1, 10816, 97, 176, 177, 176, 177, 0.44, 50, 100, 1, 8, 5000, 40
1, 8179, 98, 138, 139, 138, 139, 0.44, 50, 100, 1, 4, 5000, 40
0, 19000, 84, 344, 312, 344, 312, 0.44, 50, 100, 1, 15, 5000, 40
1, 8673, 98, 138, 139, 138, 139, 0.44, 50, 100, 1, 5, 5000, 40
1, 8482, 95, 135, 136, 135, 136, 0.44, 50, 100, 1, 4, 5000, 40
0, 19000, 114, 351, 338, 351, 338, 0.44, 50, 100, 1, 16, 5000, 40
0, 19000, 93, 338, 326, 338, 326, 0.44, 50, 100, 1, 14, 5000, 40
0, 19000, 105, 344, 317, 344, 317, 0.44, 50, 100, 1, 16, 5000, 40
0, 19000, 100, 329, 320, 329, 320, 0.44, 50, 100, 1, 16, 5000, 40
0, 19000, 107, 349, 324, 349, 324, 0.44, 50, 100, 1, 15, 5000, 40
1, 8108, 100, 146, 147, 146, 147, 0.44, 50, 100, 1, 4, 5000, 40
0, 19000, 102, 346, 315, 346, 315, 0.44, 50, 100, 1, 16, 5000, 40
0, 19000, 110, 361, 340, 361, 340, 0.44, 50, 100, 1, 15, 5000, 40
1, 8489, 102, 144, 145, 144, 145, 0.44, 50, 100, 1, 5, 5000, 40
0, 19000, 100, 345, 327, 345, 327, 0.44, 50, 100, 1, 15, 5000, 40
0, 19000, 120, 352, 330, 352, 330, 0.44, 50, 100, 1, 16, 5000, 40
0, 19000, 113, 362, 330, 362, 330, 0.44, 50, 100, 1, 15, 5000, 40
1, 8999, 103, 143, 144, 143, 144, 0.44, 50, 100, 1, 7, 5000, 40
1, 14420, 113, 254, 255, 254, 255, 0.44, 50, 100, 1, 12, 5000, 40
1, 8653, 105, 146, 147, 146, 147, 0.44, 50, 100, 1, 5, 5000, 40
0, 19000, 108, 335, 304, 335, 304, 0.44, 50, 100, 1, 15, 5000, 40
1, 12645, 101, 209, 210, 209, 210, 0.44, 50, 100, 1, 9, 5000, 40
0, 19000, 99, 334, 298, 334, 298, 0.44, 50, 100, 1, 15, 5000, 40
0, 19000, 87, 326, 313, 326, 313, 0.44, 50, 100, 1, 15, 5000, 40
0, 19000, 93, 348, 324, 348, 324, 0.44, 50, 100, 1, 15, 5000, 40
1, 8548, 106, 146, 151, 146, 151, 0.44, 50, 100, 1, 5, 5000, 40
0, 19000, 85, 328, 325, 328, 325, 0.44, 50, 100, 1, 15, 5000, 40
0, 19000, 97, 332, 306, 332, 306, 0.44, 50, 100, 1, 15, 5000, 40
1, 8586, 91, 131, 143, 131, 143, 0.44, 50, 100, 1, 5, 5000, 40
1, 8559, 125, 165, 166, 165, 166, 0.44, 50, 100, 1, 5, 5000, 40
0, 19000, 99, 335, 320, 335, 320, 0.44, 50, 100, 1, 15, 5000, 40
1, 9330, 106, 150, 151, 150, 151, 0.44, 50, 100, 1, 5, 5000, 40
0, 19000, 114, 352, 334, 352, 334, 0.44, 50, 100, 1, 15, 5000, 40
0, 19000, 81, 315, 299, 315, 299, 0.44, 50, 100, 1, 15, 5000, 40
0, 19000, 113, 349, 327, 349, 327, 0.44, 50, 100, 1, 15, 5000, 40
0, 19000, 89, 333, 306, 333, 306, 0.44, 50, 100, 1, 18, 5000, 40
1, 14019, 110, 256, 257, 256, 257, 0.44, 50, 100, 1, 10, 5000, 40
1, 8540, 101, 141, 142, 141, 142, 0.44, 50, 100, 1, 5, 5000, 40
0, 19000, 101, 348, 327, 348, 327, 0.44, 50, 100, 1, 19, 5000, 40
1, 8267, 108, 148, 149, 148, 149, 0.44, 50, 100, 1, 5, 5000, 40
0, 19000, 102, 318, 309, 318, 309, 0.44, 50, 100, 1, 15, 5000, 40
1, 8629, 106, 146, 149, 146, 149, 0.44, 50, 100, 1, 5, 5000, 40
0, 19000, 96, 337, 312, 337, 312, 0.44, 50, 100, 1, 15, 5000, 40
0, 19000, 92, 318, 289, 318, 289, 0.44, 50, 100, 1, 15, 5000, 40
0, 19000, 104, 356, 337, 356, 337, 0.44, 50, 100, 1, 15, 5000, 40
1, 11871, 101, 188, 189, 188, 189, 0.44, 50, 100, 1, 9, 5000, 40
0, 19000, 104, 371, 336, 371, 336, 0.44, 50, 100, 1, 15, 5000, 40
1, 12289, 105, 194, 195, 194, 195, 0.44, 50, 100, 1, 8, 5000, 40
0, 19000, 97, 345, 337, 345, 337, 0.44, 50, 100, 1, 15, 5000, 40
1, 13189, 116, 221, 222, 221, 222, 0.44, 50, 100, 1, 9, 5000, 40
0, 19000, 102, 356, 338, 356, 338, 0.44, 50, 100, 1, 15, 5000, 40
0, 19000, 97, 348, 319, 348, 319, 0.44, 50, 100, 1, 15, 5000, 40
1, 8616, 101, 141, 152, 141, 152, 0.44, 50, 100, 1, 5, 5000, 40
0, 19000, 107, 344, 316, 344, 316, 0.44, 50, 100, 1, 15, 5000, 40
0, 19000, 105, 355, 327, 355, 327, 0.44, 50, 100, 1, 15, 5000, 40
0, 19000, 105, 338, 333, 338, 333, 0.44, 50, 100, 1, 15, 5000, 40
1, 8168, 99, 139, 140, 139, 140, 0.44, 50, 100, 1, 4, 5000, 40
0, 19000, 110, 341, 316, 341, 316, 0.44, 50, 100, 1, 15, 5000, 40
0, 19000, 102, 336, 316, 336, 316, 0.44, 50, 100, 1, 15, 5000, 40
1, 10772, 111, 185, 186, 185, 186, 0.44, 50, 100, 1, 7, 5000, 40
1, 8429, 92, 132, 136, 132, 136, 0.44, 50, 100, 1, 4, 5000, 40
0, 19000, 114, 351, 341, 351, 341, 0.44, 50, 100, 1, 15, 5000, 40
0, 19000, 101, 344, 335, 344, 335, 0.44, 50, 100, 1, 15, 5000, 40
0, 19000, 87, 344, 313, 344, 313, 0.44, 50, 100, 1, 14, 5000, 40
1, 8887, 101, 145, 146, 145, 146, 0.44, 50, 100, 1, 5, 5000, 40
0, 19000, 108, 362, 339, 362, 339, 0.44, 50, 100, 1, 15, 5000, 40
1, 17009, 80, 267, 268, 267, 268, 0.44, 50, 100, 1, 13, 5000, 40
1, 8090, 104, 144, 145, 144, 145, 0.44, 50, 100, 1, 4, 5000, 40
1, 8227, 94, 134, 137, 134, 137, 0.44, 50, 100, 1, 5, 5000, 40
0, 19000, 97, 348, 323, 348, 323, 0.44, 50, 100, 1, 15, 5000, 40
1, 15375, 99, 261, 262, 261, 262, 0.44, 50, 100, 1, 12, 5000, 40
1, 8179, 98, 142, 143, 142, 143, 0.44, 50, 100, 1, 4, 5000, 40
0, 19000, 99, 338, 330, 338, 330, 0.44, 50, 100, 1, 16, 5000, 40
0, 19000, 114, 357, 339, 357, 339, 0.44, 50, 100, 1, 16, 5000, 40
1, 9417, 103, 154, 155, 154, 155, 0.44, 50, 100, 1, 5, 5000, 40
0, 19000, 103, 336, 334, 336, 334, 0.44, 50, 100, 1, 15, 5000, 40
0, 19000, 106, 360, 332, 360, 332, 0.44, 50, 100, 1, 15, 5000, 40
0, 19000, 101, 347, 321, 347, 321, 0.44, 50, 100, 1, 16, 5000, 40
1, 8835, 104, 150, 151, 150, 151, 0.44, 50, 100, 1, 5, 5000, 40
0, 19000, 99, 359, 334, 359, 334, 0.44, 50, 100, 1, 19, 5000, 40
1, 9816, 107, 160, 161, 160, 161, 0.44, 50, 100, 1, 7, 5000, 40
1, 8957, 106, 146, 147, 146, 147, 0.44, 50, 100, 1, 6, 5000, 40
0, 19000, 108, 340, 327, 340, 327, 0.44, 50, 100, 1, 20, 5000, 40
0, 19000, 96, 350, 319, 350, 319, 0.44, 50, 100, 1, 17, 5000, 40
0, 19000, 115, 358, 355, 358, 355, 0.44, 50, 100, 1, 17, 5000, 40
0, 19000, 113, 358, 333, 358, 333, 0.44, 50, 100, 1, 16, 5000, 40
1, 9526, 102, 152, 153, 152, 153, 0.44, 50, 100, 1, 6, 5000, 50
1, 9910, 102, 165, 166, 165, 166, 0.44, 50, 100, 1, 7, 5000, 50
0, 22500, 90, 417, 391, 417, 391, 0.44, 50, 100, 1, 22, 5000, 50
1, 8827, 101, 157, 158, 157, 158, 0.44, 50, 100, 1, 5, 5000, 50
0, 22500, 119, 417, 394, 417, 394, 0.44, 50, 100, 1, 19, 5000, 50
1, 21634, 102, 401, 402, 401, 402, 0.44, 50, 100, 1, 18, 5000, 50
1, 10213, 107, 157, 162, 157, 162, 0.44, 50, 100, 1, 6, 5000, 50
0, 22500, 97, 416, 400, 416, 400, 0.44, 50, 100, 1, 18, 5000, 50
1, 9372, 105, 155, 158, 155, 158, 0.44, 50, 100, 1, 5, 5000, 50
0, 22500, 114, 428, 413, 428, 413, 0.44, 50, 100, 1, 19, 5000, 50
1, 8984, 113, 163, 164, 163, 164, 0.44, 50, 100, 1, 5, 5000, 50
0, 22500, 98, 415, 393, 415, 393, 0.44, 50, 100, 1, 18, 5000, 50
0, 22500, 91, 415, 393, 415, 393, 0.44, 50, 100, 1, 18, 5000, 50
1, 12058, 107, 214, 215, 214, 215, 0.44, 50, 100, 1, 10, 5000, 50
0, 22500, 112, 426, 407, 426, 407, 0.44, 50, 100, 1, 20, 5000, 50
0, 22500, 93, 390, 366, 390, 366, 0.44, 50, 100, 1, 20, 5000, 50
0, 22500, 94, 412, 401, 412, 401, 0.44, 50, 100, 1, 21, 5000, 50
1, 9059, 97, 147, 155, 147, 155, 0.44, 50, 100, 1, 5, 5000, 50
0, 22500, 106, 402, 400, 402, 400, 0.44, 50, 100, 1, 20, 5000, 50
1, 16461, 107, 291, 292, 291, 292, 0.44, 50, 100, 1, 14, 5000, 50
0, 22500, 114, 436, 419, 436, 419, 0.44, 50, 100, 1, 18, 5000, 50
1, 8908, 98, 148, 151, 148, 151, 0.44, 50, 100, 1, 5, 5000, 50
0, 22500, 113, 432, 413, 432, 413, 0.44, 50, 100, 1, 18, 5000, 50
0, 22500, 106, 427, 415, 427, 415, 0.44, 50, 100, 1, 18, 5000, 50
1, 9705, 100, 150, 153, 150, 153, 0.44, 50, 100, 1, 6, 5000, 50
0, 22500, 97, 395, 388, 395, 388, 0.44, 50, 100, 1, 18, 5000, 50
0, 22500, 78, 406, 384, 406, 384, 0.44, 50, 100, 1, 18, 5000, 50
1, 14593, 104, 252, 253, 252, 253, 0.44, 50, 100, 1, 11, 5000, 50
1, 12906, 99, 221, 222, 221, 222, 0.44, 50, 100, 1, 9, 5000, 50
0, 22500, 101, 411, 396, 411, 396, 0.44, 50, 100, 1, 19, 5000, 50
0, 22500, 90, 399, 379, 399, 379, 0.44, 50, 100, 1, 18, 5000, 50
1, 8647, 97, 147, 153, 147, 153, 0.44, 50, 100, 1, 5, 5000, 50
1, 21119, 93, 374, 375, 374, 375, 0.44, 50, 100, 1, 17, 5000, 50
1, 9122, 99, 149, 150, 149, 150, 0.44, 50, 100, 1, 5, 5000, 50
0, 22500, 113, 443, 409, 443, 409, 0.44, 50, 100, 1, 18, 5000, 50
1, 9061, 107, 157, 160, 157, 160, 0.44, 50, 100, 1, 5, 5000, 50
0, 22500, 100, 415, 400, 415, 400, 0.44, 50, 100, 1, 19, 5000, 50
1, 17895, 89, 290, 291, 290, 291, 0.44, 50, 100, 1, 13, 5000, 50
0, 22500, 110, 418, 414, 418, 414, 0.44, 50, 100, 1, 18, 5000, 50
1, 9356, 90, 142, 143, 142, 143, 0.44, 50, 100, 1, 6, 5000, 50
0, 22500, 92, 388, 384, 388, 384, 0.44, 50, 100, 1, 18, 5000, 50
0, 22500, 103, 406, 390, 406, 390, 0.44, 50, 100, 1, 18, 5000, 50
1, 19322, 107, 349, 350, 349, 350, 0.44, 50, 100, 1, 15, 5000, 50
1, 19153, 102, 347, 348, 347, 348, 0.44, 50, 100, 1, 15, 5000, 50
1, 12863, 109, 233, 234, 233, 234, 0.44, 50, 100, 1, 9, 5000, 50
0, 22500, 98, 421, 413, 421, 413, 0.44, 50, 100, 1, 18, 5000, 50
0, 22500, 97, 406, 368, 406, 368, 0.44, 50, 100, 1, 19, 5000, 50
1, 15033, 83, 245, 246, 245, 246, 0.44, 50, 100, 1, 11, 5000, 50
0, 22500, 93, 425, 406, 425, 406, 0.44, 50, 100, 1, 19, 5000, 50
1, 10012, 98, 157, 158, 157, 158, 0.44, 50, 100, 1, 6, 5000, 50
0, 22500, 118, 423, 400, 423, 400, 0.44, 50, 100, 1, 19, 5000, 50
0, 22500, 87, 392, 378, 392, 378, 0.44, 50, 100, 1, 18, 5000, 50
1, 9976, 120, 170, 171, 170, 171, 0.44, 50, 100, 1, 7, 5000, 50
0, 22500, 98, 408, 390, 408, 390, 0.44, 50, 100, 1, 20, 5000, 50
1, 8487, 104, 154, 159, 154, 159, 0.44, 50, 100, 1, 5, 5000, 50
0, 22500, 111, 423, 405, 423, 405, 0.44, 50, 100, 1, 18, 5000, 50
0, 22500, 109, 415, 404, 415, 404, 0.44, 50, 100, 1, 18, 5000, 50
1, 8628, 97, 154, 155, 154, 155, 0.44, 50, 100, 1, 5, 5000, 50
0, 22500, 102, 409, 381, 409, 381, 0.44, 50, 100, 1, 18, 5000, 50
1, 17629, 90, 287, 288, 287, 288, 0.44, 50, 100, 1, 13, 5000, 50
0, 22500, 97, 435, 421, 435, 421, 0.44, 50, 100, 1, 19, 5000, 50
1, 12442, 104, 214, 215, 214, 215, 0.44, 50, 100, 1, 9, 5000, 50
0, 22500, 69, 393, 377, 393, 377, 0.44, 50, 100, 1, 19, 5000, 50
1, 8894, 95, 145, 153, 145, 153, 0.44, 50, 100, 1, 5, 5000, 50
0, 22500, 102, 408, 390, 408, 390, 0.44, 50, 100, 1, 19, 5000, 50
0, 22500, 113, 429, 409, 429, 409, 0.44, 50, 100, 1, 20, 5000, 50
0, 22500, 98, 414, 402, 414, 402, 0.44, 50, 100, 1, 22, 5000, 50
0, 22500, 101, 423, 416, 423, 416, 0.44, 50, 100, 1, 22, 5000, 50
0, 22500, 113, 421, 402, 421, 402, 0.44, 50, 100, 1, 22, 5000, 50
0, 22500, 104, 431, 410, 431, 410, 0.44, 50, 100, 1, 23, 5000, 50
0, 22500, 105, 407, 387, 407, 387, 0.44, 50, 100, 1, 20, 5000, 50
0, 22500, 104, 413, 393, 413, 393, 0.44, 50, 100, 1, 19, 5000, 50
0, 22500, 97, 403, 383, 403, 383, 0.44, 50, 100, 1, 20, 5000, 50
1, 9391, 101, 151, 153, 151, 153, 0.44, 50, 100, 1, 5, 5000, 50
1, 14407, 110, 248, 249, 248, 249, 0.44, 50, 100, 1, 10, 5000, 50
0, 22500, 120, 443, 414, 443, 414, 0.44, 50, 100, 1, 19, 5000, 50
0, 22500, 99, 420, 415, 420, 415, 0.44, 50, 100, 1, 19, 5000, 50
1, 20326, 99, 360, 361, 360, 361, 0.44, 50, 100, 1, 17, 5000, 50
1, 12679, 106, 212, 213, 212, 213, 0.44, 50, 100, 1, 9, 5000, 50
0, 22500, 103, 412, 393, 412, 393, 0.44, 50, 100, 1, 19, 5000, 50
1, 11692, 98, 170, 171, 170, 171, 0.44, 50, 100, 1, 8, 5000, 50
0, 22500, 106, 420, 401, 420, 401, 0.44, 50, 100, 1, 19, 5000, 50
0, 22500, 112, 434, 419, 434, 419, 0.44, 50, 100, 1, 20, 5000, 50
0, 22500, 120, 431, 414, 431, 414, 0.44, 50, 100, 1, 20, 5000, 50
0, 22500, 106, 415, 411, 415, 411, 0.44, 50, 100, 1, 20, 5000, 50
1, 14475, 101, 227, 228, 227, 228, 0.44, 50, 100, 1, 11, 5000, 50
0, 22500, 112, 414, 408, 414, 408, 0.44, 50, 100, 1, 19, 5000, 50
1, 15097, 102, 252, 253, 252, 253, 0.44, 50, 100, 1, 12, 5000, 50
0, 22500, 110, 399, 391, 399, 391, 0.44, 50, 100, 1, 19, 5000, 50
1, 13899, 108, 245, 246, 245, 246, 0.44, 50, 100, 1, 10, 5000, 50
1, 12882, 86, 214, 215, 214, 215, 0.44, 50, 100, 1, 9, 5000, 50
0, 22500, 92, 411, 394, 411, 394, 0.44, 50, 100, 1, 19, 5000, 50
1, 10320, 101, 167, 168, 167, 168, 0.44, 50, 100, 1, 6, 5000, 50
1, 11617, 103, 195, 196, 195, 196, 0.44, 50, 100, 1, 10, 5000, 50
0, 22500, 90, 405, 383, 405, 383, 0.44, 50, 100, 1, 20, 5000, 50
0, 22500, 95, 418, 395, 418, 395, 0.44, 50, 100, 1, 18, 5000, 50
0, 22500, 102, 404, 394, 404, 394, 0.44, 50, 100, 1, 19, 5000, 50
1, 14548, 108, 254, 255, 254, 255, 0.44, 50, 100, 1, 13, 5000, 50
1, 20045, 100, 367, 368, 367, 368, 0.44, 50, 100, 1, 19, 5000, 50
0, 22500, 100, 422, 408, 422, 408, 0.44, 50, 100, 1, 19, 5000, 50
1, 14571, 114, 249, 250, 249, 250, 0.44, 50, 100, 1, 10, 5000, 60
0, 26000, 105, 478, 470, 478, 470, 0.44, 50, 100, 1, 22, 5000, 60
0, 26000, 88, 487, 459, 487, 459, 0.44, 50, 100, 1, 22, 5000, 60
1, 9375, 102, 162, 168, 162, 168, 0.44, 50, 100, 1, 6, 5000, 60
0, 26000, 80, 474, 444, 474, 444, 0.44, 50, 100, 1, 24, 5000, 60
0, 26000, 111, 504, 481, 504, 481, 0.44, 50, 100, 1, 23, 5000, 60
0, 26000, 103, 491, 475, 491, 475, 0.44, 50, 100, 1, 24, 5000, 60
1, 14748, 94, 250, 251, 250, 251, 0.44, 50, 100, 1, 11, 5000, 60
0, 26000, 103, 481, 470, 481, 470, 0.44, 50, 100, 1, 22, 5000, 60
1, 11259, 94, 172, 173, 172, 173, 0.44, 50, 100, 1, 8, 5000, 60
0, 26000, 91, 476, 450, 476, 450, 0.44, 50, 100, 1, 23, 5000, 60
0, 26000, 108, 499, 475, 499, 475, 0.44, 50, 100, 1, 23, 5000, 60
0, 26000, 113, 502, 473, 502, 473, 0.44, 50, 100, 1, 22, 5000, 60
1, 10666, 120, 180, 182, 180, 182, 0.44, 50, 100, 1, 7, 5000, 60
0, 26000, 104, 485, 469, 485, 469, 0.44, 50, 100, 1, 22, 5000, 60
1, 15617, 98, 265, 266, 265, 266, 0.44, 50, 100, 1, 12, 5000, 60
0, 26000, 93, 489, 465, 489, 465, 0.44, 50, 100, 1, 22, 5000, 60
1, 14357, 85, 244, 245, 244, 245, 0.44, 50, 100, 1, 11, 5000, 60
1, 11252, 103, 182, 183, 182, 183, 0.44, 50, 100, 1, 8, 5000, 60
1, 9740, 92, 152, 158, 152, 158, 0.44, 50, 100, 1, 6, 5000, 60
0, 26000, 87, 486, 463, 486, 463, 0.44, 50, 100, 1, 22, 5000, 60
0, 26000, 102, 475, 462, 475, 462, 0.44, 50, 100, 1, 22, 5000, 60
1, 23443, 105, 424, 425, 424, 425, 0.44, 50, 100, 1, 19, 5000, 60
0, 26000, 111, 493, 466, 493, 466, 0.44, 50, 100, 1, 30, 5000, 60
1, 23148, 123, 429, 430, 429, 430, 0.44, 50, 100, 1, 27, 5000, 60
1, 25532, 82, 441, 442, 441, 442, 0.44, 50, 100, 1, 22, 5000, 60
0, 26000, 84, 470, 464, 470, 464, 0.44, 50, 100, 1, 23, 5000, 60
0, 26000, 104, 475, 456, 475, 456, 0.44, 50, 100, 1, 23, 5000, 60
0, 26000, 107, 492, 480, 492, 480, 0.44, 50, 100, 1, 23, 5000, 60
0, 26000, 94, 472, 436, 472, 436, 0.44, 50, 100, 1, 23, 5000, 60
1, 9783, 116, 177, 178, 177, 178, 0.44, 50, 100, 1, 7, 5000, 60
1, 21708, 101, 384, 385, 384, 385, 0.44, 50, 100, 1, 18, 5000, 60
0, 26000, 89, 477, 461, 477, 461, 0.44, 50, 100, 1, 23, 5000, 60
0, 26000, 104, 473, 444, 473, 444, 0.44, 50, 100, 1, 24, 5000, 60
1, 9901, 109, 169, 171, 169, 171, 0.44, 50, 100, 1, 6, 5000, 60
1, 16729, 102, 291, 292, 291, 292, 0.44, 50, 100, 1, 13, 5000, 60
0, 26000, 104, 489, 466, 489, 466, 0.44, 50, 100, 1, 26, 5000, 60
0, 26000, 105, 486, 475, 486, 475, 0.44, 50, 100, 1, 24, 5000, 60
1, 9946, 108, 168, 174, 168, 174, 0.44, 50, 100, 1, 6, 5000, 60
1, 9559, 106, 166, 171, 166, 171, 0.44, 50, 100, 1, 6, 5000, 60
0, 26000, 97, 491, 476, 491, 476, 0.44, 50, 100, 1, 22, 5000, 60
0, 26000, 108, 501, 469, 501, 469, 0.44, 50, 100, 1, 22, 5000, 60
1, 10207, 98, 178, 179, 178, 179, 0.44, 50, 100, 1, 7, 5000, 60
1, 10214, 100, 162, 163, 162, 163, 0.44, 50, 100, 1, 6, 5000, 60
0, 26000, 109, 487, 473, 487, 473, 0.44, 50, 100, 1, 22, 5000, 60
1, 10316, 116, 176, 177, 176, 177, 0.44, 50, 100, 1, 6, 5000, 60
1, 24485, 103, 453, 454, 453, 454, 0.44, 50, 100, 1, 23, 5000, 60
1, 11052, 104, 164, 171, 164, 171, 0.44, 50, 100, 1, 7, 5000, 60
1, 18302, 91, 314, 315, 314, 315, 0.44, 50, 100, 1, 14, 5000, 60
1, 13864, 108, 236, 237, 236, 237, 0.44, 50, 100, 1, 10, 5000, 60
1, 9272, 94, 158, 159, 158, 159, 0.44, 50, 100, 1, 6, 5000, 60
1, 24151, 98, 428, 429, 428, 429, 0.44, 50, 100, 1, 23, 5000, 60
1, 25842, 102, 478, 479, 478, 479, 0.44, 50, 100, 1, 22, 5000, 60
0, 26000, 81, 481, 461, 481, 461, 0.44, 50, 100, 1, 22, 5000, 60
1, 12480, 92, 201, 202, 201, 202, 0.44, 50, 100, 1, 9, 5000, 60
1, 18387, 119, 338, 339, 338, 339, 0.44, 50, 100, 1, 15, 5000, 60
1, 13594, 112, 245, 246, 245, 246, 0.44, 50, 100, 1, 10, 5000, 60
1, 10174, 87, 147, 149, 147, 149, 0.44, 50, 100, 1, 6, 5000, 60
0, 26000, 82, 470, 442, 470, 442, 0.44, 50, 100, 1, 22, 5000, 60
0, 26000, 81, 448, 440, 448, 440, 0.44, 50, 100, 1, 23, 5000, 60
0, 26000, 110, 507, 493, 507, 493, 0.44, 50, 100, 1, 27, 5000, 60
0, 26000, 91, 463, 446, 463, 446, 0.44, 50, 100, 1, 27, 5000, 60
1, 18745, 109, 338, 339, 338, 339, 0.44, 50, 100, 1, 15, 5000, 60
1, 15191, 101, 253, 254, 253, 254, 0.44, 50, 100, 1, 12, 5000, 60
0, 26000, 88, 480, 448, 480, 448, 0.44, 50, 100, 1, 27, 5000, 60
1, 9535, 110, 171, 172, 171, 172, 0.44, 50, 100, 1, 6, 5000, 60
0, 26000, 106, 488, 456, 488, 456, 0.44, 50, 100, 1, 28, 5000, 60
1, 17828, 111, 329, 330, 329, 330, 0.44, 50, 100, 1, 15, 5000, 60
1, 10082, 97, 157, 158, 157, 158, 0.44, 50, 100, 1, 7, 5000, 60
0, 26000, 92, 473, 465, 473, 465, 0.44, 50, 100, 1, 22, 5000, 60
1, 22750, 102, 416, 417, 416, 417, 0.44, 50, 100, 1, 19, 5000, 60
1, 11740, 112, 209, 210, 209, 210, 0.44, 50, 100, 1, 10, 5000, 60
1, 24503, 106, 458, 459, 458, 459, 0.44, 50, 100, 1, 21, 5000, 60
1, 10438, 102, 162, 172, 162, 172, 0.44, 50, 100, 1, 7, 5000, 60
0, 26000, 102, 496, 470, 496, 470, 0.44, 50, 100, 1, 23, 5000, 60
1, 20517, 112, 370, 371, 370, 371, 0.44, 50, 100, 1, 20, 5000, 60
1, 10061, 95, 155, 157, 155, 157, 0.44, 50, 100, 1, 6, 5000, 60
1, 10244, 103, 172, 173, 172, 173, 0.44, 50, 100, 1, 7, 5000, 60
0, 26000, 102, 480, 456, 480, 456, 0.44, 50, 100, 1, 26, 5000, 60
1, 23742, 109, 435, 436, 435, 436, 0.44, 50, 100, 1, 21, 5000, 60
1, 10540, 92, 160, 161, 160, 161, 0.44, 50, 100, 1, 7, 5000, 60
1, 23443, 97, 415, 416, 415, 416, 0.44, 50, 100, 1, 22, 5000, 60
1, 12828, 95, 193, 194, 193, 194, 0.44, 50, 100, 1, 9, 5000, 60
1, 10140, 87, 154, 155, 154, 155, 0.44, 50, 100, 1, 7, 5000, 60
1, 20804, 98, 373, 374, 373, 374, 0.44, 50, 100, 1, 18, 5000, 60
0, 26000, 110, 490, 468, 490, 468, 0.44, 50, 100, 1, 23, 5000, 60
1, 11110, 81, 154, 155, 154, 155, 0.44, 50, 100, 1, 9, 5000, 60
1, 9846, 95, 155, 156, 155, 156, 0.44, 50, 100, 1, 6, 5000, 60
1, 22006, 85, 385, 386, 385, 386, 0.44, 50, 100, 1, 21, 5000, 60
0, 26000, 99, 493, 462, 493, 462, 0.44, 50, 100, 1, 24, 5000, 60
0, 26000, 110, 497, 474, 497, 474, 0.44, 50, 100, 1, 24, 5000, 60
1, 23852, 106, 433, 434, 433, 434, 0.44, 50, 100, 1, 23, 5000, 60
0, 26000, 112, 481, 461, 481, 461, 0.44, 50, 100, 1, 30, 5000, 60
0, 26000, 85, 453, 432, 453, 432, 0.44, 50, 100, 1, 25, 5000, 60
0, 26000, 90, 473, 457, 473, 457, 0.44, 50, 100, 1, 27, 5000, 60
1, 21127, 94, 373, 374, 373, 374, 0.44, 50, 100, 1, 19, 5000, 60
0, 26000, 103, 491, 481, 491, 481, 0.44, 50, 100, 1, 25, 5000, 60
1, 11706, 108, 196, 197, 196, 197, 0.44, 50, 100, 1, 9, 5000, 60
1, 19074, 108, 353, 354, 353, 354, 0.44, 50, 100, 1, 18, 5000, 60
1, 9661, 90, 160, 162, 160, 162, 0.44, 50, 100, 1, 6, 5000, 70
0, 26000, 110, 492, 469, 492, 469, 0.44, 50, 100, 1, 23, 5000, 60
1, 13414, 121, 237, 238, 237, 238, 0.44, 50, 100, 1, 10, 5000, 70
0, 29500, 103, 554, 516, 554, 516, 0.44, 50, 100, 1, 27, 5000, 70
1, 23837, 98, 425, 426, 425, 426, 0.44, 50, 100, 1, 22, 5000, 70
0, 29500, 108, 554, 519, 554, 519, 0.44, 50, 100, 1, 30, 5000, 70
1, 26774, 90, 492, 493, 492, 493, 0.44, 50, 100, 1, 27, 5000, 70
0, 29500, 92, 548, 525, 548, 525, 0.44, 50, 100, 1, 28, 5000, 70
1, 14553, 106, 265, 266, 265, 266, 0.44, 50, 100, 1, 12, 5000, 70
1, 25508, 96, 466, 467, 466, 467, 0.44, 50, 100, 1, 23, 5000, 70
0, 29500, 115, 551, 532, 551, 532, 0.44, 50, 100, 1, 28, 5000, 70
1, 10943, 91, 161, 164, 161, 164, 0.44, 50, 100, 1, 7, 5000, 70
0, 29500, 96, 552, 530, 552, 530, 0.44, 50, 100, 1, 28, 5000, 70
1, 11321, 103, 173, 181, 173, 181, 0.44, 50, 100, 1, 7, 5000, 70
0, 29500, 99, 556, 532, 556, 532, 0.44, 50, 100, 1, 33, 5000, 70
1, 11366, 102, 184, 185, 184, 185, 0.44, 50, 100, 1, 8, 5000, 70
0, 29500, 83, 536, 517, 536, 517, 0.44, 50, 100, 1, 28, 5000, 70
0, 29500, 98, 544, 536, 544, 536, 0.44, 50, 100, 1, 30, 5000, 70
0, 29500, 110, 555, 539, 555, 539, 0.44, 50, 100, 1, 30, 5000, 70
0, 29500, 94, 540, 532, 540, 532, 0.44, 50, 100, 1, 27, 5000, 70
0, 29500, 100, 545, 520, 545, 520, 0.44, 50, 100, 1, 31, 5000, 70
1, 15838, 112, 278, 279, 278, 279, 0.44, 50, 100, 1, 13, 5000, 70
1, 27616, 98, 521, 522, 521, 522, 0.44, 50, 100, 1, 29, 5000, 70
0, 29500, 102, 553, 527, 553, 527, 0.44, 50, 100, 1, 33, 5000, 70
0, 29500, 100, 572, 545, 572, 545, 0.44, 50, 100, 1, 31, 5000, 70
0, 29500, 88, 540, 515, 540, 515, 0.44, 50, 100, 1, 31, 5000, 70
0, 29500, 115, 554, 548, 554, 548, 0.44, 50, 100, 1, 26, 5000, 70
1, 11975, 76, 149, 150, 149, 150, 0.44, 50, 100, 1, 9, 5000, 70
0, 29500, 102, 554, 527, 554, 527, 0.44, 50, 100, 1, 30, 5000, 70
0, 29500, 94, 558, 537, 558, 537, 0.44, 50, 100, 1, 27, 5000, 70
0, 29500, 118, 579, 564, 579, 564, 0.44, 50, 100, 1, 27, 5000, 70
0, 29500, 103, 549, 526, 549, 526, 0.44, 50, 100, 1, 25, 5000, 70
1, 11357, 107, 187, 188, 187, 188, 0.44, 50, 100, 1, 8, 5000, 70
1, 22405, 103, 390, 391, 390, 391, 0.44, 50, 100, 1, 19, 5000, 70
0, 29500, 87, 539, 518, 539, 518, 0.44, 50, 100, 1, 27, 5000, 70
0, 29500, 99, 552, 548, 552, 548, 0.44, 50, 100, 1, 28, 5000, 70
0, 29500, 104, 542, 522, 542, 522, 0.44, 50, 100, 1, 25, 5000, 70
0, 29500, 98, 544, 534, 544, 534, 0.44, 50, 100, 1, 30, 5000, 70
0, 29500, 110, 562, 524, 562, 524, 0.44, 50, 100, 1, 26, 5000, 70
0, 29500, 102, 535, 520, 535, 520, 0.44, 50, 100, 1, 30, 5000, 70
0, 29500, 102, 574, 548, 574, 548, 0.44, 50, 100, 1, 26, 5000, 70
0, 29500, 80, 524, 508, 524, 508, 0.44, 50, 100, 1, 27, 5000, 70
0, 29500, 95, 563, 542, 563, 542, 0.44, 50, 100, 1, 31, 5000, 70
1, 24939, 115, 461, 462, 461, 462, 0.44, 50, 100, 1, 21, 5000, 70
0, 29500, 91, 550, 520, 550, 520, 0.44, 50, 100, 1, 29, 5000, 70
0, 29500, 107, 566, 541, 566, 541, 0.44, 50, 100, 1, 29, 5000, 70
1, 23641, 89, 421, 422, 421, 422, 0.44, 50, 100, 1, 23, 5000, 70
0, 29500, 110, 556, 543, 556, 543, 0.44, 50, 100, 1, 32, 5000, 70
1, 10927, 98, 168, 169, 168, 169, 0.44, 50, 100, 1, 8, 5000, 70
1, 18177, 102, 324, 325, 324, 325, 0.44, 50, 100, 1, 17, 5000, 70
0, 29500, 110, 563, 549, 563, 549, 0.44, 50, 100, 1, 31, 5000, 70
0, 29500, 90, 550, 514, 550, 514, 0.44, 50, 100, 1, 29, 5000, 70
1, 11276, 90, 181, 182, 181, 182, 0.44, 50, 100, 1, 7, 5000, 70
0, 29500, 103, 565, 534, 565, 534, 0.44, 50, 100, 1, 27, 5000, 70
0, 29500, 106, 575, 531, 575, 531, 0.44, 50, 100, 1, 28, 5000, 70
0, 29500, 107, 554, 541, 554, 541, 0.44, 50, 100, 1, 27, 5000, 70
1, 16571, 87, 278, 279, 278, 279, 0.44, 50, 100, 1, 14, 5000, 70
0, 29500, 101, 555, 544, 555, 544, 0.44, 50, 100, 1, 28, 5000, 70
1, 17210, 108, 307, 308, 307, 308, 0.44, 50, 100, 1, 14, 5000, 70
0, 29500, 106, 561, 527, 561, 527, 0.44, 50, 100, 1, 30, 5000, 70
1, 10904, 102, 182, 183, 182, 183, 0.44, 50, 100, 1, 7, 5000, 70
0, 29500, 99, 547, 529, 547, 529, 0.44, 50, 100, 1, 27, 5000, 70
1, 22131, 106, 407, 408, 407, 408, 0.44, 50, 100, 1, 19, 5000, 70
0, 29500, 102, 550, 537, 550, 537, 0.44, 50, 100, 1, 27, 5000, 70
1, 11344, 103, 178, 179, 178, 179, 0.44, 50, 100, 1, 7, 5000, 70
0, 29500, 111, 552, 539, 552, 539, 0.44, 50, 100, 1, 26, 5000, 70
1, 11020, 114, 187, 188, 187, 188, 0.44, 50, 100, 1, 8, 5000, 70
0, 29500, 103, 570, 541, 570, 541, 0.44, 50, 100, 1, 27, 5000, 70
1, 18075, 87, 322, 323, 322, 323, 0.44, 50, 100, 1, 14, 5000, 70
1, 11049, 102, 172, 176, 172, 176, 0.44, 50, 100, 1, 7, 5000, 70
0, 29500, 103, 553, 533, 553, 533, 0.44, 50, 100, 1, 26, 5000, 70
1, 11265, 109, 180, 181, 180, 181, 0.44, 50, 100, 1, 7, 5000, 70
1, 10979, 103, 183, 184, 183, 184, 0.44, 50, 100, 1, 7, 5000, 70
0, 29500, 107, 564, 528, 564, 528, 0.44, 50, 100, 1, 26, 5000, 70
1, 15107, 111, 280, 281, 280, 281, 0.44, 50, 100, 1, 11, 5000, 70
0, 29500, 105, 563, 543, 563, 543, 0.44, 50, 100, 1, 27, 5000, 70
1, 24045, 101, 421, 422, 421, 422, 0.44, 50, 100, 1, 21, 5000, 70
0, 29500, 106, 552, 538, 552, 538, 0.44, 50, 100, 1, 26, 5000, 70
0, 29500, 113, 565, 557, 565, 557, 0.44, 50, 100, 1, 30, 5000, 70
1, 13425, 102, 242, 243, 242, 243, 0.44, 50, 100, 1, 11, 5000, 70
1, 23395, 102, 428, 429, 428, 429, 0.44, 50, 100, 1, 22, 5000, 70
0, 29500, 109, 556, 524, 556, 524, 0.44, 50, 100, 1, 28, 5000, 70
1, 28814, 97, 539, 540, 539, 540, 0.44, 50, 100, 1, 27, 5000, 70
0, 29500, 111, 558, 543, 558, 543, 0.44, 50, 100, 1, 32, 5000, 70
1, 16727, 106, 303, 304, 303, 304, 0.44, 50, 100, 1, 13, 5000, 70
0, 29500, 97, 563, 519, 563, 519, 0.44, 50, 100, 1, 31, 5000, 70
0, 29500, 88, 551, 533, 551, 533, 0.44, 50, 100, 1, 27, 5000, 70
0, 29500, 109, 557, 543, 557, 543, 0.44, 50, 100, 1, 26, 5000, 70
1, 10378, 102, 172, 180, 172, 180, 0.44, 50, 100, 1, 8, 5000, 70
1, 10737, 98, 168, 169, 168, 169, 0.44, 50, 100, 1, 7, 5000, 70
0, 29500, 109, 558, 540, 558, 540, 0.44, 50, 100, 1, 30, 5000, 70
1, 11082, 108, 178, 180, 178, 180, 0.44, 50, 100, 1, 7, 5000, 70
1, 29191, 105, 553, 554, 553, 554, 0.44, 50, 100, 1, 27, 5000, 70
0, 29500, 92, 557, 526, 557, 526, 0.44, 50, 100, 1, 27, 5000, 70
1, 24596, 98, 461, 462, 461, 462, 0.44, 50, 100, 1, 23, 5000, 70
0, 29500, 103, 558, 543, 558, 543, 0.44, 50, 100, 1, 25, 5000, 70
1, 20339, 98, 365, 366, 365, 366, 0.44, 50, 100, 1, 17, 5000, 70
0, 29500, 107, 555, 540, 555, 540, 0.44, 50, 100, 1, 27, 5000, 70
1, 11263, 101, 191, 193, 191, 193, 0.44, 50, 100, 1, 7, 5000, 90
0, 29500, 95, 554, 537, 554, 537, 0.44, 50, 100, 1, 31, 5000, 70
0, 29500, 115, 570, 551, 570, 551, 0.44, 50, 100, 1, 26, 5000, 70
1, 26388, 116, 492, 493, 492, 493, 0.44, 50, 100, 1, 31, 5000, 70
1, 23441, 105, 423, 424, 423, 424, 0.44, 50, 100, 1, 25, 5000, 90
1, 14176, 107, 242, 243, 242, 243, 0.44, 50, 100, 1, 10, 5000, 90
1, 20517, 93, 358, 359, 358, 359, 0.44, 50, 100, 1, 17, 5000, 90
0, 36500, 108, 696, 674, 696, 674, 0.44, 50, 100, 1, 33, 5000, 90
1, 27471, 109, 527, 528, 527, 528, 0.44, 50, 100, 1, 25, 5000, 90
1, 33022, 101, 632, 633, 632, 633, 0.44, 50, 100, 1, 32, 5000, 90
1, 12348, 116, 206, 210, 206, 210, 0.44, 50, 100, 1, 9, 5000, 90
1, 22361, 94, 395, 396, 395, 396, 0.44, 50, 100, 1, 19, 5000, 90
1, 15711, 92, 267, 268, 267, 268, 0.44, 50, 100, 1, 16, 5000, 90
0, 36500, 107, 692, 668, 692, 668, 0.44, 50, 100, 1, 37, 5000, 90
1, 12729, 100, 212, 213, 212, 213, 0.44, 50, 100, 1, 12, 5000, 90
0, 36500, 106, 686, 660, 686, 660, 0.44, 50, 100, 1, 34, 5000, 90
1, 15323, 98, 266, 267, 266, 267, 0.44, 50, 100, 1, 16, 5000, 90
0, 36500, 98, 683, 671, 683, 671, 0.44, 50, 100, 1, 37, 5000, 90
0, 36500, 104, 693, 683, 693, 683, 0.44, 50, 100, 1, 45, 5000, 90
0, 36500, 105, 698, 684, 698, 684, 0.44, 50, 100, 1, 38, 5000, 90
0, 36500, 93, 694, 671, 694, 671, 0.44, 50, 100, 1, 35, 5000, 90
0, 36500, 98, 692, 676, 692, 676, 0.44, 50, 100, 1, 41, 5000, 90
0, 36500, 102, 695, 677, 695, 677, 0.44, 50, 100, 1, 37, 5000, 90
1, 13332, 104, 234, 235, 234, 235, 0.44, 50, 100, 1, 11, 5000, 90
0, 36500, 100, 685, 664, 685, 664, 0.44, 50, 100, 1, 40, 5000, 90
1, 33404, 94, 631, 632, 631, 632, 0.44, 50, 100, 1, 39, 5000, 90
1, 13726, 104, 239, 240, 239, 240, 0.44, 50, 100, 1, 10, 5000, 90
1, 16549, 112, 297, 298, 297, 298, 0.44, 50, 100, 1, 16, 5000, 90
0, 36500, 101, 707, 693, 707, 693, 0.44, 50, 100, 1, 38, 5000, 90
1, 30031, 108, 561, 562, 561, 562, 0.44, 50, 100, 1, 28, 5000, 90
0, 36500, 104, 698, 685, 698, 685, 0.44, 50, 100, 1, 41, 5000, 90
1, 12295, 102, 200, 201, 200, 201, 0.44, 50, 100, 1, 8, 5000, 90
1, 30143, 76, 527, 528, 527, 528, 0.44, 50, 100, 1, 27, 5000, 90
1, 17698, 84, 288, 289, 288, 289, 0.44, 50, 100, 1, 15, 5000, 90
0, 36500, 112, 720, 696, 720, 696, 0.44, 50, 100, 1, 37, 5000, 90
1, 21777, 89, 383, 384, 383, 384, 0.44, 50, 100, 1, 18, 5000, 90
0, 36500, 110, 708, 687, 708, 687, 0.44, 50, 100, 1, 41, 5000, 90
1, 19288, 104, 348, 349, 348, 349, 0.44, 50, 100, 1, 20, 5000, 90
1, 10783, 91, 181, 189, 181, 189, 0.44, 50, 100, 1, 7, 5000, 90
1, 18325, 108, 323, 324, 323, 324, 0.44, 50, 100, 1, 16, 5000, 90
1, 35938, 108, 680, 681, 680, 681, 0.44, 50, 100, 1, 40, 5000, 90
0, 36500, 112, 711, 677, 711, 677, 0.44, 50, 100, 1, 38, 5000, 90
1, 11651, 112, 202, 203, 202, 203, 0.44, 50, 100, 1, 8, 5000, 90
1, 24626, 114, 453, 454, 453, 454, 0.44, 50, 100, 1, 22, 5000, 90
0, 36500, 97, 692, 684, 692, 684, 0.44, 50, 100, 1, 34, 5000, 90
0, 36500, 115, 707, 704, 707, 704, 0.44, 50, 100, 1, 43, 5000, 90
1, 31878, 99, 593, 594, 593, 594, 0.44, 50, 100, 1, 34, 5000, 90
0, 36500, 113, 707, 687, 707, 687, 0.44, 50, 100, 1, 43, 5000, 90
0, 36500, 104, 701, 677, 701, 677, 0.44, 50, 100, 1, 37, 5000, 90
1, 32402, 101, 596, 597, 596, 597, 0.44, 50, 100, 1, 37, 5000, 90
1, 11358, 96, 186, 187, 186, 187, 0.44, 50, 100, 1, 8, 5000, 90
0, 36500, 105, 705, 671, 705, 671, 0.44, 50, 100, 1, 38, 5000, 90
0, 36500, 95, 686, 679, 686, 679, 0.44, 50, 100, 1, 37, 5000, 90
1, 31328, 100, 589, 590, 589, 590, 0.44, 50, 100, 1, 36, 5000, 90
0, 36500, 106, 718, 708, 718, 708, 0.44, 50, 100, 1, 34, 5000, 90
1, 24929, 102, 465, 466, 465, 466, 0.44, 50, 100, 1, 24, 5000, 90
1, 21510, 103, 394, 395, 394, 395, 0.44, 50, 100, 1, 23, 5000, 90
0, 36500, 103, 704, 689, 704, 689, 0.44, 50, 100, 1, 46, 5000, 90
1, 26602, 98, 500, 501, 500, 501, 0.44, 50, 100, 1, 24, 5000, 90
0, 36500, 94, 695, 671, 695, 671, 0.44, 50, 100, 1, 37, 5000, 90
1, 18404, 107, 332, 333, 332, 333, 0.44, 50, 100, 1, 16, 5000, 90
1, 14653, 104, 251, 252, 251, 252, 0.44, 50, 100, 1, 13, 5000, 90
1, 20938, 107, 386, 387, 386, 387, 0.44, 50, 100, 1, 19, 5000, 90
0, 36500, 96, 693, 665, 693, 665, 0.44, 50, 100, 1, 36, 5000, 90
1, 13560, 82, 226, 227, 226, 227, 0.44, 50, 100, 1, 13, 5000, 90
0, 36500, 88, 668, 643, 668, 643, 0.44, 50, 100, 1, 35, 5000, 90
1, 18632, 102, 337, 338, 337, 338, 0.44, 50, 100, 1, 15, 5000, 90
1, 11917, 90, 180, 191, 180, 191, 0.44, 50, 100, 1, 8, 5000, 90
0, 36500, 100, 671, 670, 671, 670, 0.44, 50, 100, 1, 33, 5000, 90
1, 21322, 104, 397, 398, 397, 398, 0.44, 50, 100, 1, 21, 5000, 90
0, 36500, 98, 687, 658, 687, 658, 0.44, 50, 100, 1, 34, 5000, 90
0, 36500, 88, 690, 672, 690, 672, 0.44, 50, 100, 1, 33, 5000, 90
0, 36500, 98, 688, 674, 688, 674, 0.44, 50, 100, 1, 35, 5000, 90
1, 23514, 87, 404, 405, 404, 405, 0.44, 50, 100, 1, 23, 5000, 90
0, 36500, 110, 705, 684, 705, 684, 0.44, 50, 100, 1, 35, 5000, 90
0, 36500, 103, 700, 688, 700, 688, 0.44, 50, 100, 1, 37, 5000, 90
1, 20244, 106, 352, 353, 352, 353, 0.44, 50, 100, 1, 18, 5000, 90
0, 36500, 108, 698, 675, 698, 675, 0.44, 50, 100, 1, 36, 5000, 90
0, 36500, 86, 680, 654, 680, 654, 0.44, 50, 100, 1, 33, 5000, 90
1, 25622, 97, 466, 467, 466, 467, 0.44, 50, 100, 1, 23, 5000, 90
1, 11326, 105, 196, 197, 196, 197, 0.44, 50, 100, 1, 9, 5000, 90
0, 36500, 113, 697, 672, 697, 672, 0.44, 50, 100, 1, 33, 5000, 90
1, 25151, 106, 471, 472, 471, 472, 0.44, 50, 100, 1, 22, 5000, 90
0, 36500, 104, 699, 679, 699, 679, 0.44, 50, 100, 1, 36, 5000, 90
1, 15720, 100, 283, 284, 283, 284, 0.44, 50, 100, 1, 14, 5000, 90
0, 36500, 97, 705, 672, 705, 672, 0.44, 50, 100, 1, 34, 5000, 90
0, 36500, 103, 695, 680, 695, 680, 0.44, 50, 100, 1, 35, 5000, 90
1, 20907, 78, 367, 368, 367, 368, 0.44, 50, 100, 1, 22, 5000, 90
0, 36500, 69, 665, 640, 665, 640, 0.44, 50, 100, 1, 37, 5000, 90
1, 11572, 106, 197, 198, 197, 198, 0.44, 50, 100, 1, 8, 5000, 90
0, 36500, 83, 676, 660, 676, 660, 0.44, 50, 100, 1, 38, 5000, 90
1, 24627, 106, 454, 455, 454, 455, 0.44, 50, 100, 1, 21, 5000, 90
0, 36500, 88, 692, 664, 692, 664, 0.44, 50, 100, 1, 36, 5000, 90
0, 36500, 102, 704, 696, 704, 696, 0.44, 50, 100, 1, 40, 5000, 90
1, 15297, 99, 258, 259, 258, 259, 0.44, 50, 100, 1, 11, 5000, 90
0, 36500, 101, 709, 679, 709, 679, 0.44, 50, 100, 1, 39, 5000, 90
1, 14665, 101, 249, 250, 249, 250, 0.44, 50, 100, 1, 11, 5000, 90
0, 36500, 106, 707, 681, 707, 681, 0.44, 50, 100, 1, 37, 5000, 90
1, 11444, 95, 185, 190, 185, 190, 0.44, 50, 100, 1, 8, 5000, 90
0, 36500, 102, 684, 660, 684, 660, 0.44, 50, 100, 1, 35, 5000, 90
1, 26407, 110, 490, 491, 490, 491, 0.44, 50, 100, 1, 29, 5000, 90
1, 13626, 100, 231, 232, 231, 232, 0.44, 50, 100, 1, 10, 5000, 90
0, 36500, 114, 710, 681, 710, 681, 0.44, 50, 100, 1, 38, 5000, 90
1, 15927, 101, 292, 293, 292, 293, 0.44, 50, 100, 1, 13, 5000, 110
0, 43500, 126, 852, 836, 852, 836, 0.44, 50, 100, 1, 41, 5000, 110
1, 32262, 89, 601, 602, 601, 602, 0.44, 50, 100, 1, 30, 5000, 110
1, 15677, 91, 241, 242, 241, 242, 0.44, 50, 100, 1, 15, 5000, 110
0, 43500, 96, 817, 802, 817, 802, 0.44, 50, 100, 1, 42, 5000, 110
1, 15108, 112, 272, 273, 272, 273, 0.44, 50, 100, 1, 12, 5000, 110
1, 13055, 100, 210, 215, 210, 215, 0.44, 50, 100, 1, 13, 5000, 110
1, 33009, 99, 603, 604, 603, 604, 0.44, 50, 100, 1, 32, 5000, 110
1, 33667, 96, 624, 625, 624, 625, 0.44, 50, 100, 1, 37, 5000, 110
1, 12327, 100, 210, 214, 210, 214, 0.44, 50, 100, 1, 10, 5000, 110
1, 29992, 106, 548, 549, 548, 549, 0.44, 50, 100, 1, 35, 5000, 110
1, 19211, 88, 325, 326, 325, 326, 0.44, 50, 100, 1, 15, 5000, 110
0, 43500, 99, 834, 799, 834, 799, 0.44, 50, 100, 1, 42, 5000, 110
1, 27044, 102, 493, 494, 493, 494, 0.44, 50, 100, 1, 23, 5000, 110
0, 43500, 109, 839, 822, 839, 822, 0.44, 50, 100, 1, 47, 5000, 110
1, 26612, 88, 475, 476, 475, 476, 0.44, 50, 100, 1, 24, 5000, 110
0, 43500, 89, 834, 814, 834, 814, 0.44, 50, 100, 1, 43, 5000, 110
0, 43500, 99, 823, 803, 823, 803, 0.44, 50, 100, 1, 51, 5000, 110
1, 12297, 98, 208, 210, 208, 210, 0.44, 50, 100, 1, 9, 5000, 110
1, 43067, 103, 825, 826, 825, 826, 0.44, 50, 100, 1, 44, 5000, 110
0, 43500, 115, 847, 831, 847, 831, 0.44, 50, 100, 1, 42, 5000, 110
1, 11968, 95, 205, 207, 205, 207, 0.44, 50, 100, 1, 12, 5000, 110
0, 43500, 99, 837, 820, 837, 820, 0.44, 50, 100, 1, 50, 5000, 110
0, 43500, 98, 840, 810, 840, 810, 0.44, 50, 100, 1, 46, 5000, 110
0, 43500, 108, 851, 820, 851, 820, 0.44, 50, 100, 1, 44, 5000, 110
1, 30672, 112, 575, 576, 575, 576, 0.44, 50, 100, 1, 28, 5000, 110
1, 18741, 105, 334, 335, 334, 335, 0.44, 50, 100, 1, 19, 5000, 110
0, 43500, 110, 840, 803, 840, 803, 0.44, 50, 100, 1, 47, 5000, 110
1, 17773, 105, 306, 307, 306, 307, 0.44, 50, 100, 1, 14, 5000, 110
0, 43500, 92, 835, 821, 835, 821, 0.44, 50, 100, 1, 50, 5000, 110
0, 43500, 96, 835, 802, 835, 802, 0.44, 50, 100, 1, 42, 5000, 110
1, 38031, 96, 712, 713, 712, 713, 0.44, 50, 100, 1, 38, 5000, 110
1, 26063, 95, 475, 476, 475, 476, 0.44, 50, 100, 1, 25, 5000, 110
0, 43500, 115, 854, 823, 854, 823, 0.44, 50, 100, 1, 49, 5000, 110
0, 43500, 91, 831, 808, 831, 808, 0.44, 50, 100, 1, 50, 5000, 110
1, 17427, 99, 302, 303, 302, 303, 0.44, 50, 100, 1, 15, 5000, 110
1, 22790, 111, 410, 411, 410, 411, 0.44, 50, 100, 1, 21, 5000, 110
1, 28333, 107, 534, 535, 534, 535, 0.44, 50, 100, 1, 27, 5000, 110
1, 16117, 99, 285, 286, 285, 286, 0.44, 50, 100, 1, 13, 5000, 110
0, 43500, 100, 835, 819, 835, 819, 0.44, 50, 100, 1, 42, 5000, 110
0, 43500, 105, 841, 824, 841, 824, 0.44, 50, 100, 1, 49, 5000, 110
0, 43500, 96, 823, 804, 823, 804, 0.44, 50, 100, 1, 55, 5000, 110
0, 43500, 100, 850, 831, 850, 831, 0.44, 50, 100, 1, 51, 5000, 110
0, 43500, 84, 822, 811, 822, 811, 0.44, 50, 100, 1, 49, 5000, 110
0, 43500, 114, 860, 822, 860, 822, 0.44, 50, 100, 1, 50, 5000, 110
0, 43500, 99, 821, 819, 821, 819, 0.44, 50, 100, 1, 47, 5000, 110
1, 11949, 105, 217, 218, 217, 218, 0.44, 50, 100, 1, 11, 5000, 110
1, 40781, 111, 780, 781, 780, 781, 0.44, 50, 100, 1, 52, 5000, 110
0, 43500, 96, 841, 815, 841, 815, 0.44, 50, 100, 1, 51, 5000, 110
0, 43500, 98, 837, 816, 837, 816, 0.44, 50, 100, 1, 47, 5000, 110
1, 36266, 106, 690, 691, 690, 691, 0.44, 50, 100, 1, 38, 5000, 110
1, 16097, 91, 281, 282, 281, 282, 0.44, 50, 100, 1, 14, 5000, 110
0, 43500, 95, 835, 819, 835, 819, 0.44, 50, 100, 1, 49, 5000, 110
0, 43500, 103, 834, 793, 834, 793, 0.44, 50, 100, 1, 47, 5000, 110
1, 14749, 97, 250, 251, 250, 251, 0.44, 50, 100, 1, 12, 5000, 110
0, 43500, 98, 837, 802, 837, 802, 0.44, 50, 100, 1, 48, 5000, 110
1, 26502, 102, 493, 494, 493, 494, 0.44, 50, 100, 1, 25, 5000, 110
1, 18876, 104, 345, 346, 345, 346, 0.44, 50, 100, 1, 16, 5000, 110
0, 43500, 103, 836, 820, 836, 820, 0.44, 50, 100, 1, 45, 5000, 110
1, 20568, 98, 364, 365, 364, 365, 0.44, 50, 100, 1, 17, 5000, 110
0, 43500, 97, 830, 802, 830, 802, 0.44, 50, 100, 1, 43, 5000, 110
1, 28653, 114, 545, 546, 545, 546, 0.44, 50, 100, 1, 25, 5000, 110
1, 19980, 112, 355, 356, 355, 356, 0.44, 50, 100, 1, 18, 5000, 110
0, 43500, 99, 825, 809, 825, 809, 0.44, 50, 100, 1, 41, 5000, 110
1, 13236, 89, 226, 227, 226, 227, 0.44, 50, 100, 1, 10, 5000, 110
0, 43500, 92, 848, 827, 848, 827, 0.44, 50, 100, 1, 45, 5000, 110
1, 14883, 98, 241, 242, 241, 242, 0.44, 50, 100, 1, 11, 5000, 110
0, 43500, 93, 846, 823, 846, 823, 0.44, 50, 100, 1, 45, 5000, 110
1, 16751, 100, 289, 290, 289, 290, 0.44, 50, 100, 1, 13, 5000, 110
0, 43500, 109, 850, 844, 850, 844, 0.44, 50, 100, 1, 44, 5000, 110
1, 38911, 110, 743, 744, 743, 744, 0.44, 50, 100, 1, 45, 5000, 110
0, 43500, 87, 818, 789, 818, 789, 0.44, 50, 100, 1, 45, 5000, 110
1, 13688, 104, 214, 217, 214, 217, 0.44, 50, 100, 1, 10, 5000, 110
1, 40999, 109, 778, 779, 778, 779, 0.44, 50, 100, 1, 46, 5000, 110
1, 17170, 113, 312, 313, 312, 313, 0.44, 50, 100, 1, 14, 5000, 110
1, 32820, 111, 621, 622, 621, 622, 0.44, 50, 100, 1, 29, 5000, 110
1, 25302, 86, 439, 440, 439, 440, 0.44, 50, 100, 1, 22, 5000, 110
0, 43500, 125, 855, 836, 855, 836, 0.44, 50, 100, 1, 45, 5000, 110
0, 43500, 98, 847, 826, 847, 826, 0.44, 50, 100, 1, 40, 5000, 110
1, 17401, 85, 291, 292, 291, 292, 0.44, 50, 100, 1, 14, 5000, 110
1, 14255, 91, 201, 202, 201, 202, 0.44, 50, 100, 1, 11, 5000, 110
0, 43500, 103, 832, 812, 832, 812, 0.44, 50, 100, 1, 42, 5000, 110
1, 27109, 101, 499, 500, 499, 500, 0.44, 50, 100, 1, 24, 5000, 110
0, 43500, 92, 827, 816, 827, 816, 0.44, 50, 100, 1, 41, 5000, 110
1, 15223, 100, 272, 273, 272, 273, 0.44, 50, 100, 1, 11, 5000, 110
0, 43500, 101, 829, 807, 829, 807, 0.44, 50, 100, 1, 49, 5000, 110
1, 32477, 110, 611, 612, 611, 612, 0.44, 50, 100, 1, 38, 5000, 110
1, 40435, 102, 762, 763, 762, 763, 0.44, 50, 100, 1, 44, 5000, 110
1, 22890, 88, 415, 416, 415, 416, 0.44, 50, 100, 1, 21, 5000, 110
1, 12296, 100, 210, 211, 210, 211, 0.44, 50, 100, 1, 9, 5000, 110
1, 34565, 99, 637, 638, 637, 638, 0.44, 50, 100, 1, 34, 5000, 110
1, 22915, 85, 422, 423, 422, 423, 0.44, 50, 100, 1, 25, 5000, 110
0, 43500, 91, 818, 811, 818, 811, 0.44, 50, 100, 1, 49, 5000, 110
0, 43500, 88, 823, 795, 823, 795, 0.44, 50, 100, 1, 45, 5000, 110
1, 21218, 83, 358, 359, 358, 359, 0.44, 50, 100, 1, 17, 5000, 110
0, 43500, 96, 830, 815, 830, 815, 0.44, 50, 100, 1, 47, 5000, 110
1, 38491, 89, 704, 705, 704, 705, 0.44, 50, 100, 1, 36, 5000, 110
0, 43500, 90, 830, 812, 830, 812, 0.44, 50, 100, 1, 47, 5000, 110
0, 43500, 108, 844, 816, 844, 816, 0.44, 50, 100, 1, 53, 5000, 110
1, 17245, 114, 306, 307, 306, 307, 0.44, 50, 100, 1, 19, 5000, 130
0, 43500, 86, 833, 796, 833, 796, 0.44, 50, 100, 1, 45, 5000, 110
0, 50500, 106, 967, 960, 967, 960, 0.44, 50, 100, 1, 58, 5000, 130
0, 50500, 90, 955, 938, 955, 938, 0.44, 50, 100, 1, 56, 5000, 130
0, 50500, 117, 973, 955, 973, 955, 0.44, 50, 100, 1, 53, 5000, 130
1, 19588, 106, 356, 357, 356, 357, 0.44, 50, 100, 1, 18, 5000, 130
1, 24052, 112, 461, 462, 461, 462, 0.44, 50, 100, 1, 25, 5000, 130
1, 14814, 82, 230, 231, 230, 231, 0.44, 50, 100, 1, 11, 5000, 130
0, 50500, 100, 981, 968, 981, 968, 0.44, 50, 100, 1, 54, 5000, 130
1, 13239, 104, 234, 235, 234, 235, 0.44, 50, 100, 1, 11, 5000, 130
1, 25566, 106, 468, 469, 468, 469, 0.44, 50, 100, 1, 27, 5000, 130
0, 50500, 103, 976, 960, 976, 960, 0.44, 50, 100, 1, 52, 5000, 130
1, 41188, 101, 791, 792, 791, 792, 0.44, 50, 100, 1, 50, 5000, 130
0, 50500, 106, 970, 965, 970, 965, 0.44, 50, 100, 1, 61, 5000, 130
1, 26531, 115, 490, 491, 490, 491, 0.44, 50, 100, 1, 23, 5000, 130
1, 18450, 96, 324, 325, 324, 325, 0.44, 50, 100, 1, 14, 5000, 130
1, 36705, 112, 707, 708, 707, 708, 0.44, 50, 100, 1, 35, 5000, 130
1, 14835, 104, 257, 258, 257, 258, 0.44, 50, 100, 1, 12, 5000, 130
0, 50500, 102, 971, 966, 971, 966, 0.44, 50, 100, 1, 53, 5000, 130
0, 50500, 102, 974, 968, 974, 968, 0.44, 50, 100, 1, 49, 5000, 130
1, 34044, 116, 649, 650, 649, 650, 0.44, 50, 100, 1, 36, 5000, 130
0, 50500, 104, 980, 954, 980, 954, 0.44, 50, 100, 1, 63, 5000, 130
1, 31373, 93, 575, 576, 575, 576, 0.44, 50, 100, 1, 28, 5000, 130
1, 19296, 81, 323, 324, 323, 324, 0.44, 50, 100, 1, 17, 5000, 130
1, 16073, 104, 282, 283, 282, 283, 0.44, 50, 100, 1, 13, 5000, 130
1, 24704, 91, 456, 457, 456, 457, 0.44, 50, 100, 1, 22, 5000, 130
1, 13388, 104, 238, 239, 238, 239, 0.44, 50, 100, 1, 9, 5000, 130
1, 32685, 114, 634, 635, 634, 635, 0.44, 50, 100, 1, 29, 5000, 130
0, 50500, 98, 968, 954, 968, 954, 0.44, 50, 100, 1, 53, 5000, 130
1, 15428, 91, 263, 264, 263, 264, 0.44, 50, 100, 1, 14, 5000, 130
1, 30843, 104, 592, 593, 592, 593, 0.44, 50, 100, 1, 27, 5000, 130
1, 21377, 102, 385, 386, 385, 386, 0.44, 50, 100, 1, 18, 5000, 130
1, 18299, 107, 318, 319, 318, 319, 0.44, 50, 100, 1, 17, 5000, 130
1, 37339, 101, 711, 712, 711, 712, 0.44, 50, 100, 1, 36, 5000, 130
1, 32577, 97, 608, 609, 608, 609, 0.44, 50, 100, 1, 31, 5000, 130
0, 50500, 75, 947, 937, 947, 937, 0.44, 50, 100, 1, 53, 5000, 130
1, 37973, 102, 717, 718, 717, 718, 0.44, 50, 100, 1, 35, 5000, 130
1, 18569, 84, 313, 314, 313, 314, 0.44, 50, 100, 1, 15, 5000, 130
0, 50500, 94, 948, 930, 948, 930, 0.44, 50, 100, 1, 56, 5000, 130
0, 50500, 80, 966, 945, 966, 945, 0.44, 50, 100, 1, 52, 5000, 130
0, 50500, 99, 974, 933, 974, 933, 0.44, 50, 100, 1, 48, 5000, 130
1, 35300, 111, 681, 682, 681, 682, 0.44, 50, 100, 1, 41, 5000, 130
1, 28819, 112, 543, 544, 543, 544, 0.44, 50, 100, 1, 27, 5000, 130
1, 15951, 106, 282, 283, 282, 283, 0.44, 50, 100, 1, 13, 5000, 130
0, 50500, 103, 990, 952, 990, 952, 0.44, 50, 100, 1, 58, 5000, 130
0, 50500, 93, 965, 937, 965, 937, 0.44, 50, 100, 1, 53, 5000, 130
1, 24913, 99, 463, 464, 463, 464, 0.44, 50, 100, 1, 30, 5000, 130
0, 50500, 91, 956, 950, 956, 950, 0.44, 50, 100, 1, 60, 5000, 130
1, 15470, 99, 253, 254, 253, 254, 0.44, 50, 100, 1, 12, 5000, 130
0, 50500, 100, 978, 964, 978, 964, 0.44, 50, 100, 1, 53, 5000, 130
1, 17907, 112, 333, 334, 333, 334, 0.44, 50, 100, 1, 14, 5000, 130
1, 35836, 92, 677, 678, 677, 678, 0.44, 50, 100, 1, 35, 5000, 130
0, 50500, 98, 973, 946, 973, 946, 0.44, 50, 100, 1, 50, 5000, 130
1, 46696, 100, 883, 884, 883, 884, 0.44, 50, 100, 1, 48, 5000, 130
0, 50500, 110, 981, 963, 981, 963, 0.44, 50, 100, 1, 51, 5000, 130
1, 13939, 86, 218, 219, 218, 219, 0.44, 50, 100, 1, 16, 5000, 130
1, 19703, 92, 343, 344, 343, 344, 0.44, 50, 100, 1, 16, 5000, 130
1, 41200, 101, 787, 788, 787, 788, 0.44, 50, 100, 1, 42, 5000, 130
0, 50500, 96, 979, 970, 979, 970, 0.44, 50, 100, 1, 53, 5000, 130
0, 50500, 98, 982, 954, 982, 954, 0.44, 50, 100, 1, 51, 5000, 130
1, 14749, 98, 257, 258, 257, 258, 0.44, 50, 100, 1, 11, 5000, 130
1, 35844, 88, 673, 674, 673, 674, 0.44, 50, 100, 1, 42, 5000, 130
1, 25916, 105, 484, 485, 484, 485, 0.44, 50, 100, 1, 22, 5000, 130
1, 19799, 103, 348, 349, 348, 349, 0.44, 50, 100, 1, 16, 5000, 130
1, 14051, 95, 225, 227, 225, 227, 0.44, 50, 100, 1, 11, 5000, 130
0, 50500, 125, 982, 975, 982, 975, 0.44, 50, 100, 1, 55, 5000, 130
0, 50500, 93, 959, 932, 959, 932, 0.44, 50, 100, 1, 57, 5000, 130
1, 30856, 91, 548, 549, 548, 549, 0.44, 50, 100, 1, 28, 5000, 130
1, 26148, 105, 478, 479, 478, 479, 0.44, 50, 100, 1, 23, 5000, 130
1, 13310, 114, 244, 249, 244, 249, 0.44, 50, 100, 1, 10, 5000, 130
0, 50500, 97, 978, 929, 978, 929, 0.44, 50, 100, 1, 49, 5000, 130
1, 32043, 100, 593, 594, 593, 594, 0.44, 50, 100, 1, 30, 5000, 130
0, 50500, 114, 978, 949, 978, 949, 0.44, 50, 100, 1, 60, 5000, 130
0, 50500, 108, 972, 954, 972, 954, 0.44, 50, 100, 1, 49, 5000, 130
0, 50500, 111, 973, 955, 973, 955, 0.44, 50, 100, 1, 51, 5000, 130
1, 16017, 98, 274, 275, 274, 275, 0.44, 50, 100, 1, 13, 5000, 130
1, 23677, 75, 419, 420, 419, 420, 0.44, 50, 100, 1, 21, 5000, 130
1, 45999, 107, 862, 863, 862, 863, 0.44, 50, 100, 1, 48, 5000, 130
0, 50500, 100, 958, 947, 958, 947, 0.44, 50, 100, 1, 54, 5000, 130
0, 50500, 106, 976, 964, 976, 964, 0.44, 50, 100, 1, 60, 5000, 130
0, 50500, 110, 971, 947, 971, 947, 0.44, 50, 100, 1, 50, 5000, 130
1, 28400, 109, 532, 533, 532, 533, 0.44, 50, 100, 1, 30, 5000, 130
1, 21615, 98, 383, 384, 383, 384, 0.44, 50, 100, 1, 19, 5000, 130
1, 29418, 115, 552, 553, 552, 553, 0.44, 50, 100, 1, 28, 5000, 130
0, 50500, 97, 990, 966, 990, 966, 0.44, 50, 100, 1, 64, 5000, 130
0, 50500, 109, 998, 961, 998, 961, 0.44, 50, 100, 1, 57, 5000, 130
1, 28025, 93, 514, 515, 514, 515, 0.44, 50, 100, 1, 28, 5000, 130
0, 50500, 102, 978, 966, 978, 966, 0.44, 50, 100, 1, 52, 5000, 130
0, 50500, 95, 978, 959, 978, 959, 0.44, 50, 100, 1, 59, 5000, 130
0, 50500, 112, 976, 953, 976, 953, 0.44, 50, 100, 1, 55, 5000, 130
1, 27027, 94, 493, 494, 493, 494, 0.44, 50, 100, 1, 27, 5000, 130
1, 13700, 111, 244, 245, 244, 245, 0.44, 50, 100, 1, 12, 5000, 130
1, 38480, 97, 719, 720, 719, 720, 0.44, 50, 100, 1, 38, 5000, 130
1, 15228, 110, 282, 283, 282, 283, 0.44, 50, 100, 1, 12, 5000, 130
0, 50500, 121, 966, 938, 966, 938, 0.44, 50, 100, 1, 55, 5000, 130
0, 50500, 104, 957, 937, 957, 937, 0.44, 50, 100, 1, 57, 5000, 130
0, 50500, 105, 980, 953, 980, 953, 0.44, 50, 100, 1, 57, 5000, 130
0, 50500, 96, 976, 959, 976, 959, 0.44, 50, 100, 1, 53, 5000, 130
1, 14586, 106, 263, 264, 263, 264, 0.44, 50, 100, 1, 11, 5000, 150
0, 50500, 98, 954, 946, 954, 946, 0.44, 50, 100, 1, 57, 5000, 130
1, 27768, 87, 498, 499, 498, 499, 0.44, 50, 100, 1, 25, 5000, 150
0, 50500, 97, 966, 948, 966, 948, 0.44, 50, 100, 1, 54, 5000, 130
1, 45966, 106, 874, 875, 874, 875, 0.44, 50, 100, 1, 55, 5000, 130
1, 16124, 94, 259, 260, 259, 260, 0.44, 50, 100, 1, 13, 5000, 150
1, 35025, 108, 669, 670, 669, 670, 0.44, 50, 100, 1, 36, 5000, 150
0, 57500, 98, 1124, 1111, 1124, 1111, 0.44, 50, 100, 1, 67, 5000, 150
1, 17432, 96, 303, 304, 303, 304, 0.44, 50, 100, 1, 19, 5000, 150
0, 57500, 116, 1112, 1103, 1112, 1103, 0.44, 50, 100, 1, 59, 5000, 150
1, 18854, 113, 333, 334, 333, 334, 0.44, 50, 100, 1, 15, 5000, 150
0, 57500, 118, 1126, 1121, 1126, 1121, 0.44, 50, 100, 1, 57, 5000, 150
1, 17189, 110, 311, 312, 311, 312, 0.44, 50, 100, 1, 14, 5000, 150
1, 33038, 87, 612, 613, 612, 613, 0.44, 50, 100, 1, 40, 5000, 150
1, 16010, 87, 266, 267, 266, 267, 0.44, 50, 100, 1, 12, 5000, 150
1, 32504, 95, 598, 599, 598, 599, 0.44, 50, 100, 1, 31, 5000, 150
0, 57500, 99, 1106, 1099, 1106, 1099, 0.44, 50, 100, 1, 70, 5000, 150
1, 21839, 93, 394, 395, 394, 395, 0.44, 50, 100, 1, 19, 5000, 150
0, 57500, 116, 1129, 1104, 1129, 1104, 0.44, 50, 100, 1, 73, 5000, 150
1, 14433, 110, 260, 267, 260, 267, 0.44, 50, 100, 1, 12, 5000, 150
0, 57500, 98, 1112, 1098, 1112, 1098, 0.44, 50, 100, 1, 67, 5000, 150
1, 18142, 102, 329, 330, 329, 330, 0.44, 50, 100, 1, 19, 5000, 150
0, 57500, 110, 1129, 1104, 1129, 1104, 0.44, 50, 100, 1, 57, 5000, 150
1, 14537, 109, 277, 278, 277, 278, 0.44, 50, 100, 1, 11, 5000, 150
1, 14421, 84, 234, 236, 234, 236, 0.44, 50, 100, 1, 10, 5000, 150
0, 57500, 105, 1120, 1098, 1120, 1098, 0.44, 50, 100, 1, 60, 5000, 150
0, 57500, 112, 1092, 1075, 1092, 1075, 0.44, 50, 100, 1, 61, 5000, 150
1, 21342, 92, 380, 381, 380, 381, 0.44, 50, 100, 1, 19, 5000, 150
1, 23342, 117, 433, 434, 433, 434, 0.44, 50, 100, 1, 25, 5000, 150
0, 57500, 101, 1103, 1090, 1103, 1090, 0.44, 50, 100, 1, 60, 5000, 150
0, 57500, 97, 1110, 1095, 1110, 1095, 0.44, 50, 100, 1, 65, 5000, 150
0, 57500, 105, 1114, 1100, 1114, 1100, 0.44, 50, 100, 1, 64, 5000, 150
1, 29240, 101, 542, 543, 542, 543, 0.44, 50, 100, 1, 28, 5000, 150
1, 41819, 99, 788, 789, 788, 789, 0.44, 50, 100, 1, 41, 5000, 150
1, 49990, 116, 960, 961, 960, 961, 0.44, 50, 100, 1, 64, 5000, 150
0, 57500, 103, 1110, 1088, 1110, 1088, 0.44, 50, 100, 1, 65, 5000, 150
1, 17388, 101, 289, 290, 289, 290, 0.44, 50, 100, 1, 19, 5000, 150
0, 57500, 104, 1110, 1093, 1110, 1093, 0.44, 50, 100, 1, 63, 5000, 150
1, 34425, 100, 652, 653, 652, 653, 0.44, 50, 100, 1, 36, 5000, 150
1, 51145, 84, 961, 962, 961, 962, 0.44, 50, 100, 1, 60, 5000, 150
1, 20590, 74, 320, 321, 320, 321, 0.44, 50, 100, 1, 18, 5000, 150
0, 57500, 112, 1115, 1106, 1115, 1106, 0.44, 50, 100, 1, 67, 5000, 150
1, 41573, 100, 796, 797, 796, 797, 0.44, 50, 100, 1, 44, 5000, 150
0, 57500, 100, 1098, 1092, 1098, 1092, 0.44, 50, 100, 1, 75, 5000, 150
0, 57500, 90, 1100, 1081, 1100, 1081, 0.44, 50, 100, 1, 73, 5000, 150
0, 57500, 102, 1114, 1091, 1114, 1091, 0.44, 50, 100, 1, 70, 5000, 150
1, 47230, 114, 904, 905, 904, 905, 0.44, 50, 100, 1, 57, 5000, 150
1, 17419, 115, 318, 319, 318, 319, 0.44, 50, 100, 1, 15, 5000, 150
1, 14589, 100, 250, 252, 250, 252, 0.44, 50, 100, 1, 12, 5000, 150
1, 40958, 99, 763, 764, 763, 764, 0.44, 50, 100, 1, 44, 5000, 150
1, 44895, 112, 870, 871, 870, 871, 0.44, 50, 100, 1, 55, 5000, 150
1, 35622, 111, 678, 679, 678, 679, 0.44, 50, 100, 1, 35, 5000, 150
1, 43370, 108, 825, 826, 825, 826, 0.44, 50, 100, 1, 46, 5000, 150
0, 57500, 107, 1108, 1085, 1108, 1085, 0.44, 50, 100, 1, 71, 5000, 150
0, 57500, 105, 1115, 1094, 1115, 1094, 0.44, 50, 100, 1, 75, 5000, 150
1, 33926, 97, 632, 633, 632, 633, 0.44, 50, 100, 1, 34, 5000, 150
1, 26253, 88, 470, 471, 470, 471, 0.44, 50, 100, 1, 29, 5000, 150
0, 57500, 89, 1104, 1080, 1104, 1080, 0.44, 50, 100, 1, 69, 5000, 150
1, 18764, 112, 346, 347, 346, 347, 0.44, 50, 100, 1, 16, 5000, 150
0, 57500, 114, 1131, 1110, 1131, 1110, 0.44, 50, 100, 1, 63, 5000, 150
0, 57500, 85, 1105, 1074, 1105, 1074, 0.44, 50, 100, 1, 63, 5000, 150
1, 16652, 114, 296, 297, 296, 297, 0.44, 50, 100, 1, 16, 5000, 150
1, 42352, 105, 801, 802, 801, 802, 0.44, 50, 100, 1, 52, 5000, 150
1, 16389, 108, 276, 277, 276, 277, 0.44, 50, 100, 1, 14, 5000, 150
0, 57500, 93, 1101, 1085, 1101, 1085, 0.44, 50, 100, 1, 66, 5000, 150
0, 57500, 107, 1119, 1103, 1119, 1103, 0.44, 50, 100, 1, 68, 5000, 150
1, 52172, 102, 1006, 1007, 1006, 1007, 0.44, 50, 100, 1, 55, 5000, 150
1, 32516, 97, 603, 604, 603, 604, 0.44, 50, 100, 1, 36, 5000, 150
1, 17259, 111, 315, 316, 315, 316, 0.44, 50, 100, 1, 16, 5000, 150
0, 57500, 98, 1115, 1077, 1115, 1077, 0.44, 50, 100, 1, 67, 5000, 150
0, 57500, 88, 1099, 1078, 1099, 1078, 0.44, 50, 100, 1, 74, 5000, 150
1, 24561, 99, 440, 441, 440, 441, 0.44, 50, 100, 1, 23, 5000, 150
0, 57500, 114, 1120, 1099, 1120, 1099, 0.44, 50, 100, 1, 71, 5000, 150
1, 47779, 108, 920, 921, 920, 921, 0.44, 50, 100, 1, 50, 5000, 150
1, 35741, 108, 678, 679, 678, 679, 0.44, 50, 100, 1, 42, 5000, 150
0, 57500, 107, 1126, 1104, 1126, 1104, 0.44, 50, 100, 1, 65, 5000, 150
1, 57199, 102, 1098, 1099, 1098, 1099, 0.44, 50, 100, 1, 74, 5000, 150
1, 21843, 97, 396, 397, 396, 397, 0.44, 50, 100, 1, 23, 5000, 150
1, 49563, 102, 958, 959, 958, 959, 0.44, 50, 100, 1, 53, 5000, 150
1, 51805, 85, 970, 971, 970, 971, 0.44, 50, 100, 1, 64, 5000, 150
1, 19126, 114, 345, 346, 345, 346, 0.44, 50, 100, 1, 16, 5000, 150
1, 31256, 101, 588, 589, 588, 589, 0.44, 50, 100, 1, 34, 5000, 150
0, 57500, 108, 1110, 1092, 1110, 1092, 0.44, 50, 100, 1, 70, 5000, 150
1, 30403, 99, 560, 561, 560, 561, 0.44, 50, 100, 1, 31, 5000, 150
1, 25389, 97, 456, 457, 456, 457, 0.44, 50, 100, 1, 24, 5000, 150
1, 15203, 98, 263, 264, 263, 264, 0.44, 50, 100, 1, 16, 5000, 150
1, 47615, 115, 910, 911, 910, 911, 0.44, 50, 100, 1, 49, 5000, 150
0, 57500, 104, 1126, 1109, 1126, 1109, 0.44, 50, 100, 1, 73, 5000, 150
0, 57500, 98, 1104, 1092, 1104, 1092, 0.44, 50, 100, 1, 62, 5000, 150
1, 38303, 109, 726, 727, 726, 727, 0.44, 50, 100, 1, 40, 5000, 150
1, 55731, 99, 1067, 1068, 1067, 1068, 0.44, 50, 100, 1, 64, 5000, 150
1, 29170, 102, 548, 549, 548, 549, 0.44, 50, 100, 1, 31, 5000, 150
1, 15981, 99, 270, 271, 270, 271, 0.44, 50, 100, 1, 18, 5000, 150
0, 57500, 113, 1111, 1101, 1111, 1101, 0.44, 50, 100, 1, 69, 5000, 150
1, 37125, 106, 704, 705, 704, 705, 0.44, 50, 100, 1, 43, 5000, 150
0, 57500, 105, 1110, 1092, 1110, 1092, 0.44, 50, 100, 1, 69, 5000, 150
0, 57500, 114, 1119, 1104, 1119, 1104, 0.44, 50, 100, 1, 63, 5000, 150
1, 15593, 105, 275, 281, 275, 281, 0.44, 50, 100, 1, 14, 5000, 170
0, 57500, 93, 1106, 1083, 1106, 1083, 0.44, 50, 100, 1, 70, 5000, 150
1, 24997, 98, 465, 466, 465, 466, 0.44, 50, 100, 1, 29, 5000, 150
0, 57500, 92, 1119, 1101, 1119, 1101, 0.44, 50, 100, 1, 63, 5000, 150
1, 18590, 112, 335, 336, 335, 336, 0.44, 50, 100, 1, 19, 5000, 170
0, 57500, 116, 1129, 1102, 1129, 1102, 0.44, 50, 100, 1, 64, 5000, 150
1, 21015, 102, 363, 364, 363, 364, 0.44, 50, 100, 1, 21, 5000, 170
1, 37009, 105, 693, 694, 693, 694, 0.44, 50, 100, 1, 48, 5000, 170
0, 57500, 101, 1126, 1100, 1126, 1100, 0.44, 50, 100, 1, 64, 5000, 150
1, 26426, 87, 469, 470, 469, 470, 0.44, 50, 100, 1, 25, 5000, 170
0, 57500, 119, 1126, 1111, 1126, 1111, 0.44, 50, 100, 1, 78, 5000, 150
1, 23535, 103, 421, 422, 421, 422, 0.44, 50, 100, 1, 26, 5000, 170
1, 18090, 94, 304, 305, 304, 305, 0.44, 50, 100, 1, 16, 5000, 170
1, 17847, 105, 331, 332, 331, 332, 0.44, 50, 100, 1, 15, 5000, 170
1, 58170, 97, 1120, 1121, 1120, 1121, 0.44, 50, 100, 1, 68, 5000, 170
1, 22278, 92, 386, 387, 386, 387, 0.44, 50, 100, 1, 19, 5000, 170
1, 37106, 97, 681, 682, 681, 682, 0.44, 50, 100, 1, 37, 5000, 170
0, 64500, 83, 1233, 1210, 1233, 1210, 0.44, 50, 100, 1, 82, 5000, 170
1, 23524, 106, 435, 436, 435, 436, 0.44, 50, 100, 1, 21, 5000, 170
0, 64500, 118, 1271, 1258, 1271, 1258, 0.44, 50, 100, 1, 68, 5000, 170
0, 64500, 101, 1251, 1216, 1251, 1216, 0.44, 50, 100, 1, 81, 5000, 170
1, 37559, 94, 702, 703, 702, 703, 0.44, 50, 100, 1, 37, 5000, 170
1, 24040, 108, 437, 438, 437, 438, 0.44, 50, 100, 1, 26, 5000, 170
1, 17005, 97, 280, 281, 280, 281, 0.44, 50, 100, 1, 17, 5000, 170
1, 31441, 101, 578, 579, 578, 579, 0.44, 50, 100, 1, 41, 5000, 170
0, 64500, 99, 1252, 1242, 1252, 1242, 0.44, 50, 100, 1, 84, 5000, 170
1, 31265, 107, 577, 578, 577, 578, 0.44, 50, 100, 1, 32, 5000, 170
1, 19225, 91, 320, 321, 320, 321, 0.44, 50, 100, 1, 16, 5000, 170
1, 26001, 106, 486, 487, 486, 487, 0.44, 50, 100, 1, 24, 5000, 170
0, 64500, 105, 1251, 1224, 1251, 1224, 0.44, 50, 100, 1, 81, 5000, 170
1, 27941, 117, 528, 529, 528, 529, 0.44, 50, 100, 1, 27, 5000, 170
1, 35078, 100, 662, 663, 662, 663, 0.44, 50, 100, 1, 34, 5000, 170
0, 64500, 88, 1255, 1238, 1255, 1238, 0.44, 50, 100, 1, 77, 5000, 170
1, 22873, 111, 410, 411, 410, 411, 0.44, 50, 100, 1, 26, 5000, 170
0, 64500, 106, 1265, 1234, 1265, 1234, 0.44, 50, 100, 1, 67, 5000, 170
1, 20592, 104, 367, 368, 367, 368, 0.44, 50, 100, 1, 20, 5000, 170
1, 23667, 97, 423, 424, 423, 424, 0.44, 50, 100, 1, 24, 5000, 170
0, 64500, 110, 1271, 1237, 1271, 1237, 0.44, 50, 100, 1, 78, 5000, 170
1, 43482, 103, 829, 830, 829, 830, 0.44, 50, 100, 1, 49, 5000, 170
1, 52449, 100, 1014, 1015, 1014, 1015, 0.44, 50, 100, 1, 59, 5000, 170
1, 19143, 93, 324, 325, 324, 325, 0.44, 50, 100, 1, 21, 5000, 170
0, 64500, 88, 1237, 1219, 1237, 1219, 0.44, 50, 100, 1, 69, 5000, 170
1, 15336, 111, 281, 282, 281, 282, 0.44, 50, 100, 1, 12, 5000, 170
1, 15365, 118, 288, 293, 288, 293, 0.44, 50, 100, 1, 12, 5000, 170
1, 18320, 86, 316, 317, 316, 317, 0.44, 50, 100, 1, 15, 5000, 170
1, 20761, 99, 369, 370, 369, 370, 0.44, 50, 100, 1, 18, 5000, 170
0, 64500, 96, 1257, 1245, 1257, 1245, 0.44, 50, 100, 1, 77, 5000, 170
1, 24041, 124, 449, 450, 449, 450, 0.44, 50, 100, 1, 20, 5000, 170
0, 64500, 110, 1264, 1237, 1264, 1237, 0.44, 50, 100, 1, 72, 5000, 170
1, 20040, 92, 362, 363, 362, 363, 0.44, 50, 100, 1, 16, 5000, 170
1, 63012, 107, 1219, 1220, 1219, 1220, 0.44, 50, 100, 1, 63, 5000, 170
1, 22231, 104, 407, 408, 407, 408, 0.44, 50, 100, 1, 19, 5000, 170
1, 56609, 103, 1082, 1083, 1082, 1083, 0.44, 50, 100, 1, 68, 5000, 170
1, 19810, 116, 375, 376, 375, 376, 0.44, 50, 100, 1, 17, 5000, 170
1, 30148, 108, 574, 575, 574, 575, 0.44, 50, 100, 1, 28, 5000, 170
1, 16766, 89, 276, 277, 276, 277, 0.44, 50, 100, 1, 15, 5000, 170
1, 34559, 104, 654, 655, 654, 655, 0.44, 50, 100, 1, 33, 5000, 170
1, 50675, 96, 971, 972, 971, 972, 0.44, 50, 100, 1, 54, 5000, 170
0, 64500, 73, 1230, 1198, 1230, 1198, 0.44, 50, 100, 1, 68, 5000, 170
1, 31470, 115, 611, 612, 611, 612, 0.44, 50, 100, 1, 33, 5000, 170
1, 30626, 100, 559, 560, 559, 560, 0.44, 50, 100, 1, 34, 5000, 170
1, 19220, 116, 360, 361, 360, 361, 0.44, 50, 100, 1, 16, 5000, 170
1, 19181, 118, 346, 347, 346, 347, 0.44, 50, 100, 1, 18, 5000, 170
1, 36189, 92, 683, 684, 683, 684, 0.44, 50, 100, 1, 41, 5000, 170
1, 25907, 82, 467, 468, 467, 468, 0.44, 50, 100, 1, 27, 5000, 170
0, 64500, 101, 1229, 1217, 1229, 1217, 0.44, 50, 100, 1, 75, 5000, 170
0, 64500, 103, 1238, 1234, 1238, 1234, 0.44, 50, 100, 1, 71, 5000, 170
1, 59956, 112, 1154, 1155, 1154, 1155, 0.44, 50, 100, 1, 70, 5000, 170
1, 18770, 96, 330, 331, 330, 331, 0.44, 50, 100, 1, 21, 5000, 170
0, 64500, 109, 1260, 1238, 1260, 1238, 0.44, 50, 100, 1, 79, 5000, 170
1, 45816, 116, 894, 895, 894, 895, 0.44, 50, 100, 1, 53, 5000, 170
1, 54132, 96, 1027, 1028, 1027, 1028, 0.44, 50, 100, 1, 59, 5000, 170
1, 25017, 99, 456, 457, 456, 457, 0.44, 50, 100, 1, 27, 5000, 170
0, 64500, 100, 1252, 1231, 1252, 1231, 0.44, 50, 100, 1, 75, 5000, 170
1, 15656, 99, 269, 270, 269, 270, 0.44, 50, 100, 1, 14, 5000, 170
1, 23492, 96, 418, 419, 418, 419, 0.44, 50, 100, 1, 26, 5000, 170
1, 24127, 113, 448, 449, 448, 449, 0.44, 50, 100, 1, 22, 5000, 170
0, 64500, 106, 1259, 1250, 1259, 1250, 0.44, 50, 100, 1, 78, 5000, 170
1, 24080, 106, 433, 434, 433, 434, 0.44, 50, 100, 1, 25, 5000, 170
1, 16928, 102, 292, 293, 292, 293, 0.44, 50, 100, 1, 16, 5000, 170
0, 64500, 93, 1242, 1229, 1242, 1229, 0.44, 50, 100, 1, 79, 5000, 170
1, 34553, 106, 657, 658, 657, 658, 0.44, 50, 100, 1, 37, 5000, 170
1, 16131, 115, 295, 296, 295, 296, 0.44, 50, 100, 1, 13, 5000, 170
0, 64500, 122, 1250, 1227, 1250, 1227, 0.44, 50, 100, 1, 82, 5000, 170
0, 64500, 84, 1246, 1221, 1246, 1221, 0.44, 50, 100, 1, 80, 5000, 170
1, 22628, 72, 390, 391, 390, 391, 0.44, 50, 100, 1, 20, 5000, 170
1, 42845, 98, 801, 802, 801, 802, 0.44, 50, 100, 1, 54, 5000, 170
1, 47229, 116, 909, 910, 909, 910, 0.44, 50, 100, 1, 49, 5000, 170
1, 18904, 102, 344, 345, 344, 345, 0.44, 50, 100, 1, 19, 5000, 170
1, 46042, 99, 884, 885, 884, 885, 0.44, 50, 100, 1, 52, 5000, 170
1, 21679, 95, 388, 389, 388, 389, 0.44, 50, 100, 1, 22, 5000, 170
0, 64500, 103, 1255, 1243, 1255, 1243, 0.44, 50, 100, 1, 74, 5000, 170
1, 35092, 103, 651, 652, 651, 652, 0.44, 50, 100, 1, 35, 5000, 170
0, 64500, 106, 1262, 1244, 1262, 1244, 0.44, 50, 100, 1, 69, 5000, 170
0, 64500, 103, 1248, 1213, 1248, 1213, 0.44, 50, 100, 1, 81, 5000, 170
1, 44447, 110, 857, 858, 857, 858, 0.44, 50, 100, 1, 47, 5000, 170
1, 30773, 98, 571, 572, 571, 572, 0.44, 50, 100, 1, 35, 5000, 170
1, 21528, 102, 390, 391, 390, 391, 0.44, 50, 100, 1, 25, 5000, 170
0, 64500, 106, 1265, 1234, 1265, 1234, 0.44, 50, 100, 1, 86, 5000, 170
0, 64500, 110, 1264, 1238, 1264, 1238, 0.44, 50, 100, 1, 84, 5000, 170
1, 42444, 109, 803, 804, 803, 804, 0.44, 50, 100, 1, 47, 5000, 170
1, 61535, 119, 1192, 1193, 1192, 1193, 0.44, 50, 100, 1, 77, 5000, 170
1, 19585, 121, 359, 360, 359, 360, 0.44, 50, 100, 1, 18, 5000, 190
0, 64500, 107, 1253, 1238, 1253, 1238, 0.44, 50, 100, 1, 76, 5000, 170
1, 24193, 110, 447, 448, 447, 448, 0.44, 50, 100, 1, 22, 5000, 190
0, 64500, 102, 1261, 1234, 1261, 1234, 0.44, 50, 100, 1, 69, 5000, 170
1, 18317, 106, 334, 335, 334, 335, 0.44, 50, 100, 1, 16, 5000, 190
0, 64500, 103, 1260, 1240, 1260, 1240, 0.44, 50, 100, 1, 86, 5000, 170
1, 33228, 101, 624, 625, 624, 625, 0.44, 50, 100, 1, 32, 5000, 190
1, 17447, 106, 309, 310, 309, 310, 0.44, 50, 100, 1, 14, 5000, 190
0, 64500, 102, 1260, 1233, 1260, 1233, 0.44, 50, 100, 1, 81, 5000, 170
0, 71500, 98, 1389, 1378, 1389, 1378, 0.44, 50, 100, 1, 76, 5000, 190
1, 22181, 99, 411, 412, 411, 412, 0.44, 50, 100, 1, 19, 5000, 190
1, 16468, 98, 290, 291, 290, 291, 0.44, 50, 100, 1, 15, 5000, 190
0, 71500, 96, 1399, 1385, 1399, 1385, 0.44, 50, 100, 1, 83, 5000, 190
0, 71500, 96, 1376, 1350, 1376, 1350, 0.44, 50, 100, 1, 74, 5000, 190
1, 25140, 100, 475, 476, 475, 476, 0.44, 50, 100, 1, 23, 5000, 190
0, 71500, 116, 1402, 1383, 1402, 1383, 0.44, 50, 100, 1, 79, 5000, 190
1, 62489, 101, 1190, 1191, 1190, 1191, 0.44, 50, 100, 1, 66, 5000, 190
0, 71500, 99, 1373, 1356, 1373, 1356, 0.44, 50, 100, 1, 90, 5000, 190
1, 71271, 108, 1381, 1382, 1381, 1382, 0.44, 50, 100, 1, 82, 5000, 190
1, 42851, 92, 801, 802, 801, 802, 0.44, 50, 100, 1, 50, 5000, 190
0, 71500, 98, 1393, 1368, 1393, 1368, 0.44, 50, 100, 1, 77, 5000, 190
1, 33469, 87, 609, 610, 609, 610, 0.44, 50, 100, 1, 41, 5000, 190
1, 43288, 106, 821, 822, 821, 822, 0.44, 50, 100, 1, 50, 5000, 190
1, 18947, 79, 325, 326, 325, 326, 0.44, 50, 100, 1, 22, 5000, 190
1, 26115, 120, 500, 501, 500, 501, 0.44, 50, 100, 1, 29, 5000, 190
0, 71500, 102, 1390, 1365, 1390, 1365, 0.44, 50, 100, 1, 81, 5000, 190
1, 39184, 118, 751, 752, 751, 752, 0.44, 50, 100, 1, 47, 5000, 190
0, 71500, 108, 1391, 1382, 1391, 1382, 0.44, 50, 100, 1, 79, 5000, 190
1, 16762, 115, 306, 307, 306, 307, 0.44, 50, 100, 1, 19, 5000, 190
1, 32601, 102, 609, 610, 609, 610, 0.44, 50, 100, 1, 31, 5000, 190
1, 18484, 101, 319, 320, 319, 320, 0.44, 50, 100, 1, 20, 5000, 190
0, 71500, 95, 1382, 1365, 1382, 1365, 0.44, 50, 100, 1, 91, 5000, 190
1, 35377, 82, 627, 628, 627, 628, 0.44, 50, 100, 1, 37, 5000, 190
1, 54747, 92, 1042, 1043, 1042, 1043, 0.44, 50, 100, 1, 69, 5000, 190
1, 25718, 96, 472, 473, 472, 473, 0.44, 50, 100, 1, 24, 5000, 190
1, 52261, 97, 1013, 1014, 1013, 1014, 0.44, 50, 100, 1, 55, 5000, 190
0, 71500, 117, 1401, 1380, 1401, 1380, 0.44, 50, 100, 1, 81, 5000, 190
1, 29926, 121, 580, 581, 580, 581, 0.44, 50, 100, 1, 32, 5000, 190
1, 35757, 85, 658, 659, 658, 659, 0.44, 50, 100, 1, 39, 5000, 190
1, 18740, 104, 317, 318, 317, 318, 0.44, 50, 100, 1, 18, 5000, 190
0, 71500, 93, 1402, 1365, 1402, 1365, 0.44, 50, 100, 1, 94, 5000, 190
1, 39621, 99, 744, 745, 744, 745, 0.44, 50, 100, 1, 47, 5000, 190
1, 26725, 105, 501, 502, 501, 502, 0.44, 50, 100, 1, 34, 5000, 190
0, 71500, 108, 1393, 1373, 1393, 1373, 0.44, 50, 100, 1, 89, 5000, 190
1, 63951, 101, 1222, 1223, 1222, 1223, 0.44, 50, 100, 1, 82, 5000, 190
0, 71500, 97, 1388, 1377, 1388, 1377, 0.44, 50, 100, 1, 84, 5000, 190
1, 55231, 109, 1065, 1066, 1065, 1066, 0.44, 50, 100, 1, 61, 5000, 190
1, 37543, 112, 718, 719, 718, 719, 0.44, 50, 100, 1, 48, 5000, 190
1, 28258, 94, 532, 533, 532, 533, 0.44, 50, 100, 1, 28, 5000, 190
0, 71500, 104, 1400, 1369, 1400, 1369, 0.44, 50, 100, 1, 84, 5000, 190
1, 41768, 93, 787, 788, 787, 788, 0.44, 50, 100, 1, 54, 5000, 190
0, 71500, 106, 1399, 1376, 1399, 1376, 0.44, 50, 100, 1, 98, 5000, 190
0, 71500, 100, 1387, 1358, 1387, 1358, 0.44, 50, 100, 1, 83, 5000, 190
1, 34525, 101, 644, 645, 644, 645, 0.44, 50, 100, 1, 38, 5000, 190
1, 20314, 111, 371, 372, 371, 372, 0.44, 50, 100, 1, 20, 5000, 190
0, 71500, 110, 1393, 1393, 1393, 1393, 0.44, 50, 100, 1, 91, 5000, 190
1, 48241, 103, 918, 919, 918, 919, 0.44, 50, 100, 1, 61, 5000, 190
1, 55791, 98, 1074, 1075, 1074, 1075, 0.44, 50, 100, 1, 66, 5000, 190
1, 57333, 113, 1106, 1107, 1106, 1107, 0.44, 50, 100, 1, 77, 5000, 190
1, 67856, 97, 1305, 1306, 1305, 1306, 0.44, 50, 100, 1, 86, 5000, 190
1, 49135, 84, 911, 912, 911, 912, 0.44, 50, 100, 1, 58, 5000, 190
1, 25649, 96, 480, 481, 480, 481, 0.44, 50, 100, 1, 28, 5000, 190
1, 49468, 109, 942, 943, 942, 943, 0.44, 50, 100, 1, 60, 5000, 190
1, 22790, 112, 431, 432, 431, 432, 0.44, 50, 100, 1, 27, 5000, 190
1, 18679, 95, 323, 324, 323, 324, 0.44, 50, 100, 1, 16, 5000, 190
1, 29944, 105, 548, 549, 548, 549, 0.44, 50, 100, 1, 31, 5000, 190
0, 71500, 104, 1394, 1376, 1394, 1376, 0.44, 50, 100, 1, 88, 5000, 190
1, 20365, 79, 344, 345, 344, 345, 0.44, 50, 100, 1, 19, 5000, 190
1, 42693, 111, 810, 811, 810, 811, 0.44, 50, 100, 1, 50, 5000, 190
1, 66528, 111, 1301, 1302, 1301, 1302, 0.44, 50, 100, 1, 91, 5000, 190
0, 71500, 101, 1409, 1380, 1409, 1380, 0.44, 50, 100, 1, 87, 5000, 190
1, 18094, 113, 320, 321, 320, 321, 0.44, 50, 100, 1, 19, 5000, 190
1, 21983, 98, 416, 417, 416, 417, 0.44, 50, 100, 1, 21, 5000, 190
0, 71500, 104, 1398, 1382, 1398, 1382, 0.44, 50, 100, 1, 85, 5000, 190
1, 28207, 103, 509, 510, 509, 510, 0.44, 50, 100, 1, 35, 5000, 190
0, 71500, 94, 1374, 1361, 1374, 1361, 0.44, 50, 100, 1, 96, 5000, 190
1, 44333, 94, 834, 835, 834, 835, 0.44, 50, 100, 1, 54, 5000, 190
1, 26518, 90, 482, 483, 482, 483, 0.44, 50, 100, 1, 32, 5000, 190
1, 21011, 113, 389, 390, 389, 390, 0.44, 50, 100, 1, 18, 5000, 190
0, 71500, 86, 1385, 1357, 1385, 1357, 0.44, 50, 100, 1, 89, 5000, 190
1, 31524, 117, 604, 605, 604, 605, 0.44, 50, 100, 1, 37, 5000, 190
1, 16127, 96, 286, 287, 286, 287, 0.44, 50, 100, 1, 18, 5000, 190
1, 66743, 103, 1299, 1300, 1299, 1300, 0.44, 50, 100, 1, 82, 5000, 190
1, 48312, 105, 930, 931, 930, 931, 0.44, 50, 100, 1, 56, 5000, 190
1, 25814, 93, 466, 467, 466, 467, 0.44, 50, 100, 1, 30, 5000, 190
1, 35493, 102, 670, 671, 670, 671, 0.44, 50, 100, 1, 40, 5000, 190
1, 20212, 96, 365, 366, 365, 366, 0.44, 50, 100, 1, 19, 5000, 190
1, 18096, 90, 295, 296, 295, 296, 0.44, 50, 100, 1, 21, 5000, 190
1, 18269, 89, 311, 312, 311, 312, 0.44, 50, 100, 1, 16, 5000, 190
0, 71500, 103, 1385, 1354, 1385, 1354, 0.44, 50, 100, 1, 82, 5000, 190
0, 71500, 98, 1398, 1361, 1398, 1361, 0.44, 50, 100, 1, 90, 5000, 190
1, 45232, 101, 843, 844, 843, 844, 0.44, 50, 100, 1, 51, 5000, 190
1, 28328, 114, 526, 527, 526, 527, 0.44, 50, 100, 1, 31, 5000, 190
1, 43563, 93, 825, 826, 825, 826, 0.44, 50, 100, 1, 48, 5000, 190
0, 71500, 119, 1411, 1400, 1411, 1400, 0.44, 50, 100, 1, 77, 5000, 190
1, 28452, 101, 512, 513, 512, 513, 0.44, 50, 100, 1, 30, 5000, 190
0, 71500, 113, 1398, 1377, 1398, 1377, 0.44, 50, 100, 1, 80, 5000, 190
0, 71500, 93, 1398, 1360, 1398, 1360, 0.44, 50, 100, 1, 86, 5000, 190
1, 57095, 103, 1087, 1088, 1087, 1088, 0.44, 50, 100, 1, 70, 5000, 190
1, 33078, 102, 626, 627, 626, 627, 0.44, 50, 100, 1, 31, 5000, 190
1, 21504, 116, 406, 407, 406, 407, 0.44, 50, 100, 1, 18, 5000, 210
1, 21149, 99, 385, 386, 385, 386, 0.44, 50, 100, 1, 23, 5000, 210
1, 50194, 97, 971, 972, 971, 972, 0.44, 50, 100, 1, 50, 5000, 190
0, 71500, 103, 1390, 1370, 1390, 1370, 0.44, 50, 100, 1, 80, 5000, 190
1, 28157, 101, 523, 524, 523, 524, 0.44, 50, 100, 1, 28, 5000, 210
1, 24010, 106, 435, 436, 435, 436, 0.44, 50, 100, 1, 23, 5000, 210
1, 35066, 103, 659, 660, 659, 660, 0.44, 50, 100, 1, 39, 5000, 210
1, 18860, 102, 341, 342, 341, 342, 0.44, 50, 100, 1, 18, 5000, 210
1, 54979, 103, 1059, 1060, 1059, 1060, 0.44, 50, 100, 1, 66, 5000, 210
0, 71500, 112, 1386, 1376, 1386, 1376, 0.44, 50, 100, 1, 94, 5000, 190
0, 71500, 115, 1403, 1383, 1403, 1383, 0.44, 50, 100, 1, 88, 5000, 190
1, 34177, 107, 655, 656, 655, 656, 0.44, 50, 100, 1, 34, 5000, 210
1, 19908, 106, 347, 348, 347, 348, 0.44, 50, 100, 1, 17, 5000, 210
1, 66679, 101, 1287, 1288, 1287, 1288, 0.44, 50, 100, 1, 73, 5000, 210
1, 30987, 109, 585, 586, 585, 586, 0.44, 50, 100, 1, 31, 5000, 210
1, 53978, 92, 1026, 1027, 1026, 1027, 0.44, 50, 100, 1, 63, 5000, 210
0, 78500, 97, 1520, 1501, 1520, 1501, 0.44, 50, 100, 1, 98, 5000, 210
1, 31427, 93, 584, 585, 584, 585, 0.44, 50, 100, 1, 33, 5000, 210
0, 78500, 92, 1500, 1474, 1500, 1474, 0.44, 50, 100, 1, 94, 5000, 210
1, 38382, 106, 735, 736, 735, 736, 0.44, 50, 100, 1, 42, 5000, 210
1, 45859, 100, 875, 876, 875, 876, 0.44, 50, 100, 1, 64, 5000, 210
1, 19577, 108, 363, 364, 363, 364, 0.44, 50, 100, 1, 20, 5000, 210
1, 21184, 97, 384, 385, 384, 385, 0.44, 50, 100, 1, 21, 5000, 210
1, 78156, 102, 1512, 1513, 1512, 1513, 0.44, 50, 100, 1, 102, 5000, 210
0, 78500, 103, 1526, 1515, 1526, 1515, 0.44, 50, 100, 1, 91, 5000, 210
1, 41084, 100, 771, 772, 771, 772, 0.44, 50, 100, 1, 50, 5000, 210
1, 37652, 109, 694, 695, 694, 695, 0.44, 50, 100, 1, 41, 5000, 210
1, 77706, 93, 1481, 1482, 1481, 1482, 0.44, 50, 100, 1, 98, 5000, 210
0, 78500, 106, 1531, 1509, 1531, 1509, 0.44, 50, 100, 1, 93, 5000, 210
1, 46373, 112, 879, 880, 879, 880, 0.44, 50, 100, 1, 54, 5000, 210
1, 23554, 96, 438, 439, 438, 439, 0.44, 50, 100, 1, 25, 5000, 210
0, 78500, 114, 1543, 1523, 1543, 1523, 0.44, 50, 100, 1, 110, 5000, 210
1, 52674, 101, 1023, 1024, 1023, 1024, 0.44, 50, 100, 1, 54, 5000, 210
1, 32692, 107, 607, 608, 607, 608, 0.44, 50, 100, 1, 35, 5000, 210
0, 78500, 114, 1528, 1515, 1528, 1515, 0.44, 50, 100, 1, 105, 5000, 210
1, 23976, 115, 448, 449, 448, 449, 0.44, 50, 100, 1, 26, 5000, 210
1, 30689, 102, 560, 561, 560, 561, 0.44, 50, 100, 1, 34, 5000, 210
1, 26625, 100, 485, 486, 485, 486, 0.44, 50, 100, 1, 26, 5000, 210
1, 76925, 98, 1485, 1486, 1485, 1486, 0.44, 50, 100, 1, 95, 5000, 210
1, 65880, 96, 1280, 1281, 1280, 1281, 0.44, 50, 100, 1, 80, 5000, 210
1, 67937, 122, 1313, 1314, 1313, 1314, 0.44, 50, 100, 1, 76, 5000, 210
1, 36688, 103, 702, 703, 702, 703, 0.44, 50, 100, 1, 42, 5000, 210
0, 78500, 91, 1531, 1507, 1531, 1507, 0.44, 50, 100, 1, 109, 5000, 210
1, 33118, 98, 612, 613, 612, 613, 0.44, 50, 100, 1, 32, 5000, 210
1, 34839, 100, 652, 653, 652, 653, 0.44, 50, 100, 1, 38, 5000, 210
1, 23578, 101, 429, 430, 429, 430, 0.44, 50, 100, 1, 23, 5000, 210
1, 47647, 108, 915, 916, 915, 916, 0.44, 50, 100, 1, 53, 5000, 210
0, 78500, 117, 1551, 1528, 1551, 1528, 0.44, 50, 100, 1, 96, 5000, 210
1, 19846, 108, 355, 356, 355, 356, 0.44, 50, 100, 1, 17, 5000, 210
1, 31716, 104, 593, 594, 593, 594, 0.44, 50, 100, 1, 33, 5000, 210
0, 78500, 102, 1525, 1511, 1525, 1511, 0.44, 50, 100, 1, 87, 5000, 210
0, 78500, 101, 1523, 1505, 1523, 1505, 0.44, 50, 100, 1, 94, 5000, 210
1, 35634, 94, 655, 656, 655, 656, 0.44, 50, 100, 1, 41, 5000, 210
1, 46781, 102, 889, 890, 889, 890, 0.44, 50, 100, 1, 52, 5000, 210
1, 25526, 101, 469, 470, 469, 470, 0.44, 50, 100, 1, 27, 5000, 210
1, 41692, 120, 804, 805, 804, 805, 0.44, 50, 100, 1, 46, 5000, 210
0, 78500, 94, 1535, 1517, 1535, 1517, 0.44, 50, 100, 1, 99, 5000, 210
1, 21890, 98, 410, 411, 410, 411, 0.44, 50, 100, 1, 19, 5000, 210
0, 78500, 108, 1551, 1534, 1551, 1534, 0.44, 50, 100, 1, 94, 5000, 210
1, 18406, 108, 318, 319, 318, 319, 0.44, 50, 100, 1, 16, 5000, 210
0, 78500, 71, 1494, 1474, 1494, 1474, 0.44, 50, 100, 1, 92, 5000, 210
1, 38845, 97, 731, 732, 731, 732, 0.44, 50, 100, 1, 38, 5000, 210
1, 25797, 119, 484, 485, 484, 485, 0.44, 50, 100, 1, 26, 5000, 210
1, 47791, 119, 934, 935, 934, 935, 0.44, 50, 100, 1, 48, 5000, 210
1, 63590, 104, 1222, 1223, 1222, 1223, 0.44, 50, 100, 1, 69, 5000, 210
1, 27631, 113, 521, 522, 521, 522, 0.44, 50, 100, 1, 27, 5000, 210
1, 21826, 107, 399, 400, 399, 400, 0.44, 50, 100, 1, 20, 5000, 210
1, 30870, 102, 574, 575, 574, 575, 0.44, 50, 100, 1, 30, 5000, 210
1, 41756, 97, 785, 786, 785, 786, 0.44, 50, 100, 1, 42, 5000, 210
1, 21420, 109, 390, 391, 390, 391, 0.44, 50, 100, 1, 19, 5000, 210
1, 67158, 98, 1298, 1299, 1298, 1299, 0.44, 50, 100, 1, 78, 5000, 210
1, 52915, 109, 1029, 1030, 1029, 1030, 0.44, 50, 100, 1, 56, 5000, 210
1, 37209, 98, 700, 701, 700, 701, 0.44, 50, 100, 1, 37, 5000, 210
1, 27651, 110, 536, 537, 536, 537, 0.44, 50, 100, 1, 24, 5000, 210
1, 18809, 96, 333, 334, 333, 334, 0.44, 50, 100, 1, 16, 5000, 210
1, 16920, 106, 321, 322, 321, 322, 0.44, 50, 100, 1, 14, 5000, 210
1, 43667, 103, 826, 827, 826, 827, 0.44, 50, 100, 1, 58, 5000, 210
1, 56432, 112, 1095, 1096, 1095, 1096, 0.44, 50, 100, 1, 64, 5000, 210
1, 47581, 91, 903, 904, 903, 904, 0.44, 50, 100, 1, 49, 5000, 210
1, 20764, 97, 371, 372, 371, 372, 0.44, 50, 100, 1, 21, 5000, 210
1, 28300, 109, 510, 511, 510, 511, 0.44, 50, 100, 1, 35, 5000, 210
0, 78500, 107, 1528, 1507, 1528, 1507, 0.44, 50, 100, 1, 90, 5000, 210
1, 31527, 106, 591, 592, 591, 592, 0.44, 50, 100, 1, 32, 5000, 210
1, 28178, 107, 528, 529, 528, 529, 0.44, 50, 100, 1, 26, 5000, 210
1, 62457, 104, 1204, 1205, 1204, 1205, 0.44, 50, 100, 1, 86, 5000, 210
1, 19408, 107, 352, 353, 352, 353, 0.44, 50, 100, 1, 20, 5000, 210
1, 46946, 102, 891, 892, 891, 892, 0.44, 50, 100, 1, 54, 5000, 210
1, 31439, 110, 593, 594, 593, 594, 0.44, 50, 100, 1, 37, 5000, 210
0, 78500, 118, 1528, 1504, 1528, 1504, 0.44, 50, 100, 1, 95, 5000, 210
0, 78500, 105, 1520, 1501, 1520, 1501, 0.44, 50, 100, 1, 94, 5000, 210
1, 32362, 81, 594, 595, 594, 595, 0.44, 50, 100, 1, 40, 5000, 210
1, 49505, 93, 920, 921, 920, 921, 0.44, 50, 100, 1, 62, 5000, 210
1, 18711, 89, 308, 309, 308, 309, 0.44, 50, 100, 1, 16, 5000, 210
1, 34545, 106, 653, 654, 653, 654, 0.44, 50, 100, 1, 42, 5000, 210
1, 40225, 104, 760, 761, 760, 761, 0.44, 50, 100, 1, 51, 5000, 210
1, 77677, 104, 1501, 1502, 1501, 1502, 0.44, 50, 100, 1, 98, 5000, 210
1, 55908, 110, 1075, 1076, 1075, 1076, 0.44, 50, 100, 1, 68, 5000, 210
0, 78500, 99, 1516, 1478, 1516, 1478, 0.44, 50, 100, 1, 92, 5000, 210
1, 50930, 87, 983, 984, 983, 984, 0.44, 50, 100, 1, 62, 5000, 210
0, 78500, 106, 1504, 1479, 1504, 1479, 0.44, 50, 100, 1, 97, 5000, 210
1, 41206, 104, 778, 779, 778, 779, 0.44, 50, 100, 1, 48, 5000, 300
0, 78500, 110, 1545, 1528, 1545, 1528, 0.44, 50, 100, 1, 99, 5000, 210
1, 31393, 100, 593, 594, 593, 594, 0.44, 50, 100, 1, 33, 5000, 300
1, 48239, 103, 934, 935, 934, 935, 0.44, 50, 100, 1, 52, 5000, 300
1, 25011, 89, 456, 457, 456, 457, 0.44, 50, 100, 1, 27, 5000, 300
1, 57420, 114, 1109, 1110, 1109, 1110, 0.44, 50, 100, 1, 67, 5000, 300
0, 78500, 112, 1545, 1524, 1545, 1524, 0.44, 50, 100, 1, 91, 5000, 210
1, 37513, 87, 701, 702, 701, 702, 0.44, 50, 100, 1, 44, 5000, 300
0, 78500, 103, 1542, 1510, 1542, 1510, 0.44, 50, 100, 1, 101, 5000, 210
1, 59076, 108, 1141, 1142, 1141, 1142, 0.44, 50, 100, 1, 67, 5000, 300
1, 38351, 111, 731, 732, 731, 732, 0.44, 50, 100, 1, 38, 5000, 300
0, 78500, 99, 1537, 1514, 1537, 1514, 0.44, 50, 100, 1, 103, 5000, 210
1, 53332, 110, 1018, 1019, 1018, 1019, 0.44, 50, 100, 1, 74, 5000, 300
1, 35022, 94, 644, 645, 644, 645, 0.44, 50, 100, 1, 39, 5000, 300
1, 51748, 97, 1001, 1002, 1001, 1002, 0.44, 50, 100, 1, 63, 5000, 300
1, 45427, 116, 872, 873, 872, 873, 0.44, 50, 100, 1, 49, 5000, 300
1, 31791, 83, 572, 573, 572, 573, 0.44, 50, 100, 1, 35, 5000, 300
1, 42938, 96, 822, 823, 822, 823, 0.44, 50, 100, 1, 56, 5000, 300
1, 35329, 90, 651, 652, 651, 652, 0.44, 50, 100, 1, 38, 5000, 300
1, 39570, 97, 754, 755, 754, 755, 0.44, 50, 100, 1, 45, 5000, 300
1, 77990, 121, 1533, 1534, 1533, 1534, 0.44, 50, 100, 1, 91, 5000, 300
1, 62543, 115, 1223, 1224, 1223, 1224, 0.44, 50, 100, 1, 70, 5000, 300
1, 34791, 103, 639, 640, 639, 640, 0.44, 50, 100, 1, 41, 5000, 300
1, 27691, 84, 497, 498, 497, 498, 0.44, 50, 100, 1, 27, 5000, 300
1, 72123, 93, 1392, 1393, 1392, 1393, 0.44, 50, 100, 1, 91, 5000, 300
0, 110000, 86, 2154, 2127, 2154, 2127, 0.44, 50, 100, 1, 129, 5000, 300
1, 39483, 97, 738, 739, 738, 739, 0.44, 50, 100, 1, 49, 5000, 300
1, 41020, 95, 783, 784, 783, 784, 0.44, 50, 100, 1, 57, 5000, 300
0, 110000, 101, 2159, 2135, 2159, 2135, 0.44, 50, 100, 1, 144, 5000, 300
1, 24286, 113, 452, 453, 452, 453, 0.44, 50, 100, 1, 32, 5000, 300
1, 24835, 84, 449, 450, 449, 450, 0.44, 50, 100, 1, 29, 5000, 300
0, 110000, 109, 2169, 2139, 2169, 2139, 0.44, 50, 100, 1, 138, 5000, 300
1, 55763, 104, 1066, 1067, 1066, 1067, 0.44, 50, 100, 1, 79, 5000, 300
1, 108246, 96, 2112, 2113, 2112, 2113, 0.44, 50, 100, 1, 156, 5000, 300
1, 26727, 104, 494, 495, 494, 495, 0.44, 50, 100, 1, 34, 5000, 300
1, 33282, 97, 613, 614, 613, 614, 0.44, 50, 100, 1, 45, 5000, 300
1, 101089, 108, 1977, 1978, 1977, 1978, 0.44, 50, 100, 1, 142, 5000, 300
1, 33203, 106, 616, 617, 616, 617, 0.44, 50, 100, 1, 45, 5000, 300
1, 60902, 87, 1158, 1159, 1158, 1159, 0.44, 50, 100, 1, 85, 5000, 300
0, 110000, 100, 2163, 2122, 2163, 2122, 0.44, 50, 100, 1, 160, 5000, 300
1, 28031, 97, 515, 516, 515, 516, 0.44, 50, 100, 1, 37, 5000, 300
0, 110000, 91, 2146, 2121, 2146, 2121, 0.44, 50, 100, 1, 157, 5000, 300
1, 30524, 91, 540, 541, 540, 541, 0.44, 50, 100, 1, 36, 5000, 300
0, 110000, 104, 2158, 2141, 2158, 2141, 0.44, 50, 100, 1, 162, 5000, 300
1, 27763, 100, 511, 512, 511, 512, 0.44, 50, 100, 1, 39, 5000, 300
1, 53917, 94, 1022, 1023, 1022, 1023, 0.44, 50, 100, 1, 76, 5000, 300
0, 110000, 107, 2157, 2130, 2157, 2130, 0.44, 50, 100, 1, 158, 5000, 300
0, 110000, 102, 2153, 2135, 2153, 2135, 0.44, 50, 100, 1, 164, 5000, 300
0, 110000, 85, 2137, 2120, 2137, 2120, 0.44, 50, 100, 1, 156, 5000, 300
1, 57939, 121, 1116, 1117, 1116, 1117, 0.44, 50, 100, 1, 83, 5000, 300
1, 99370, 83, 1930, 1931, 1930, 1931, 0.44, 50, 100, 1, 142, 5000, 300
1, 38659, 102, 726, 727, 726, 727, 0.44, 50, 100, 1, 52, 5000, 300
1, 31477, 110, 588, 589, 588, 589, 0.44, 50, 100, 1, 41, 5000, 300
1, 80176, 90, 1530, 1531, 1530, 1531, 0.44, 50, 100, 1, 119, 5000, 300
1, 29013, 116, 559, 560, 559, 560, 0.44, 50, 100, 1, 41, 5000, 300
1, 62696, 80, 1177, 1178, 1177, 1178, 0.44, 50, 100, 1, 86, 5000, 300
1, 43736, 82, 819, 820, 819, 820, 0.44, 50, 100, 1, 60, 5000, 300
0, 110000, 97, 2160, 2127, 2160, 2127, 0.44, 50, 100, 1, 166, 5000, 300
1, 32945, 109, 623, 624, 623, 624, 0.44, 50, 100, 1, 45, 5000, 300
1, 35735, 120, 692, 693, 692, 693, 0.44, 50, 100, 1, 45, 5000, 300
1, 30383, 99, 563, 564, 563, 564, 0.44, 50, 100, 1, 31, 5000, 300
1, 42218, 106, 796, 797, 796, 797, 0.44, 50, 100, 1, 52, 5000, 300
1, 23684, 68, 410, 411, 410, 411, 0.44, 50, 100, 1, 28, 5000, 300
1, 36915, 93, 703, 704, 703, 704, 0.44, 50, 100, 1, 41, 5000, 300
0, 110000, 100, 2174, 2154, 2174, 2154, 0.44, 50, 100, 1, 158, 5000, 300
1, 28436, 102, 527, 528, 527, 528, 0.44, 50, 100, 1, 32, 5000, 300
1, 80388, 88, 1544, 1545, 1544, 1545, 0.44, 50, 100, 1, 118, 5000, 300
1, 32183, 112, 606, 607, 606, 607, 0.44, 50, 100, 1, 43, 5000, 300
1, 26291, 110, 487, 488, 487, 488, 0.44, 50, 100, 1, 28, 5000, 300
1, 33654, 103, 623, 624, 623, 624, 0.44, 50, 100, 1, 36, 5000, 300
1, 62676, 89, 1204, 1205, 1204, 1205, 0.44, 50, 100, 1, 72, 5000, 300
1, 27698, 102, 514, 515, 514, 515, 0.44, 50, 100, 1, 32, 5000, 300
1, 32341, 89, 586, 587, 586, 587, 0.44, 50, 100, 1, 32, 5000, 300
1, 23562, 112, 428, 429, 428, 429, 0.44, 50, 100, 1, 25, 5000, 300
0, 110000, 100, 2159, 2147, 2159, 2147, 0.44, 50, 100, 1, 137, 5000, 300
0, 110000, 117, 2155, 2135, 2155, 2135, 0.44, 50, 100, 1, 157, 5000, 300
1, 51053, 108, 971, 972, 971, 972, 0.44, 50, 100, 1, 68, 5000, 300
0, 110000, 91, 2153, 2125, 2153, 2125, 0.44, 50, 100, 1, 151, 5000, 300
1, 65446, 118, 1272, 1273, 1272, 1273, 0.44, 50, 100, 1, 85, 5000, 300
0, 110000, 96, 2164, 2133, 2164, 2133, 0.44, 50, 100, 1, 141, 5000, 300
1, 22544, 94, 394, 396, 394, 396, 0.44, 50, 100, 1, 28, 5000, 300
1, 21874, 112, 412, 416, 412, 416, 0.44, 50, 100, 1, 24, 5000, 300
1, 28998, 113, 558, 559, 558, 559, 0.44, 50, 100, 1, 31, 5000, 300
1, 85768, 96, 1666, 1667, 1666, 1667, 0.44, 50, 100, 1, 105, 5000, 300
0, 110000, 72, 2133, 2114, 2133, 2114, 0.44, 50, 100, 1, 153, 5000, 300
1, 61566, 107, 1190, 1191, 1190, 1191, 0.44, 50, 100, 1, 83, 5000, 300
1, 23751, 96, 436, 437, 436, 437, 0.44, 50, 100, 1, 28, 5000, 300
1, 62119, 113, 1205, 1206, 1205, 1206, 0.44, 50, 100, 1, 84, 5000, 300
1, 26328, 109, 504, 505, 504, 505, 0.44, 50, 100, 1, 33, 5000, 300
1, 23193, 99, 423, 424, 423, 424, 0.44, 50, 100, 1, 27, 5000, 300
1, 75382, 111, 1474, 1475, 1474, 1475, 0.44, 50, 100, 1, 101, 5000, 300
1, 99204, 104, 1938, 1939, 1938, 1939, 0.44, 50, 100, 1, 127, 5000, 300
0, 110000, 96, 2158, 2130, 2158, 2130, 0.44, 50, 100, 1, 144, 5000, 300
1, 77624, 113, 1508, 1509, 1508, 1509, 0.44, 50, 100, 1, 105, 5000, 300
1, 63366, 107, 1216, 1217, 1216, 1217, 0.44, 50, 100, 1, 80, 5000, 300
1, 23241, 108, 439, 440, 439, 440, 0.44, 50, 100, 1, 22, 5000, 300
0, 110000, 85, 2148, 2119, 2148, 2119, 0.44, 50, 100, 1, 147, 5000, 300
1, 51511, 102, 983, 984, 983, 984, 0.44, 50, 100, 1, 55, 5000, 300
1, 33948, 106, 654, 655, 654, 655, 0.44, 50, 100, 1, 42, 5000, 300
1, 41356, 103, 791, 792, 791, 792, 0.44, 50, 100, 1, 41, 5000, 300
0, 110000, 102, 2140, 2134, 2140, 2134, 0.44, 50, 100, 1, 149, 5000, 300
1, 63693, 96, 1213, 1214, 1213, 1214, 0.44, 50, 100, 1, 68, 5000, 300
1, 73917, 116, 1445, 1446, 1445, 1446, 0.44, 50, 100, 1, 96, 5000, 300
1, 89259, 99, 1739, 1740, 1739, 1740, 0.44, 50, 100, 1, 103, 5000, 300
